ID,名称,地区,类别,上映日期
1,2022年美国8.2分动画片《穿靴子的猫2》蓝光国英双语中英双字,美国,动画/喜剧/爱情/悬疑/歌舞/奇幻/冒险,2022-12-23(
2,2022年美国喜剧动画片《刺猬索尼克2》蓝光国英双语中英双字,美国/日本,喜剧/动作/科幻/冒险/动画,2022(中国大陆)/2022-04-08(美国)
3,2022年美国6.3分动作科幻片《黑豹2》BD国英双语中英双字,美国,动作/科幻/冒险/剧情,2023-02-07(中国大陆)/2022-11-09(中国台湾)/2022-11-11(美国)
4,2022年印度7.4分剧情犯罪片《误杀瞒天记2》BD中英双字,印度,剧情/犯罪,2022-11-18(印度)
5,2020年国产7.8分剧情片《一秒钟》蓝光国语中字,中国大陆,剧情,2020-11-27(中国大陆)
6,2022年韩国7.6分动作片《共助2：国际》BD韩语中字,韩国,动作,2022-09-07(韩国)
7,2021年美国7.5分奇幻动画片《寻龙传说》蓝光国英双语双字,美国,动画/奇幻/冒险,2021-03-05(中国大陆/美国)
8,2022年国产动作犯罪片《扫黑行动》HD国语中字,中国大陆,动作/犯罪,2022-11-11(中国大陆)
9,2022年美国7.7分喜剧悬疑片《利刃出鞘2》BD中英双字,美国,喜剧/悬疑/惊悚/犯罪/剧情,2022-09-10(多伦多电影节)/2022-
10,2022年国产7.4分剧情战争片《万里归途》HD国语中字,中国大陆,剧情/战争,2022-09-30(中国大陆)
11,2022年国产6.6分动画片《熊出没・重返地球》BD国语中字,中国大陆,动画/喜剧/儿童,2022-02-01(中国大陆)
12,2022年中国香港6.4分动作科幻片《明日战记》HD国粤双语中字,中国香港/中国大陆,动作/科幻,2022-08-05(中国大陆)/2022-08-25(中国香港)
13,2022年国产喜剧奇幻片《哥，你好》HD国语中字,中国大陆,喜剧/奇幻/剧情,2022-09-09(中国大陆)
14,2022年美国6.1分动作科幻片《黑亚当》BD中英双字,美国/加拿大/新西兰/匈牙利,动作/科幻/奇幻/冒险,2022-10-19(法国)/2022-10-21(美国)
15,2022年国产6.2分剧情片《平凡英雄》HD国语中字,中国大陆,剧情,2022-09-30(中国大陆)
16,2022年美国喜剧奇幻片《魔法奇缘2：解除魔法》HD中英双字,美国,喜剧/奇幻/爱情/动画/歌舞/冒险,2022-11-18(美国网络)
17,2022年中国香港7.0分动作悬疑片《神探大战》4K国语中字,中国香港/中国大陆,动作/悬疑/犯罪,2022-07-08(中国大陆)/2022-07-21(中国香港)
18,2022年国产冒险灾难片《搜救》HD国语中字,中国大陆,冒险/灾难/剧情,2022-10-03(中国大陆)
19,2022年美国动作犯罪片《亡命救护车》蓝光中英双字,美国,动作/犯罪,2022-04-22(中国大陆)/2022-04-08(美国)
20,2022年国产7.1分动画片《新神榜：杨戬》HD国语中字,中国大陆,动画/奇幻/冒险/动作,2022-08-19(中国大陆)
21,2022年美国8.4分动作片《壮志凌云2：独行侠》蓝光中英双字,美国/中国大陆,动作,2022-05-18(戛纳电影节)/2022-05-27(美国)
22,2021年国产8.3分动画片《雄狮少年》蓝光国粤双语中字,中国大陆,动画/剧情/喜剧,2021-12-17(中国大陆)/2021-12-11(大规模点映)
23,2022年美国7.1分动画片《光年正传》蓝光国粤英3语双字,美国,动画/冒险/科幻,2022-06-15(意大利)/2022-06-17(美国)
24,2022年国产喜剧科幻片《外太空的莫扎特》HD国语中字,中国大陆,喜剧/科幻/家庭,2022-07-15(中国大陆)
25,2022年美国动作科幻片《铁血战士：猎物》BD中英双字,美国,动作/科幻/恐怖,2022-08-05(美国网络)
26,2021年欧美6.7分动作科幻片《哥斯拉大战金刚》蓝光国英双语双字,美国/澳大利亚,动作/科幻/冒险,2021-03-26(中国大陆)/2021-03-24(中国台湾)/2021-03-31(美国)
27,2021年欧美7.2分动画片《比得兔2：逃跑计划》蓝光国粤英3语双字,澳大利亚/印度/美国/英国/加拿大,喜剧/动画/冒险,2021-06-11(中国大陆/美国)/2021-03-25(澳大利
28,2021年欧美科幻动画片《天赐灵机》蓝光国英双语中字,美国/英国/加拿大,科幻/动画/冒险/喜剧,2021-10-22(美国)
29,2022年美国动画片《小黄人大眼萌：神偷奶爸前传》BD中英双字,美国,动画/喜剧/科幻/犯罪/冒险,2022-06-13(安锡国际动画
30,2022年国产剧情片《你是我的春天》HD国语中字,中国大陆,剧情,2022-07-01(中国大陆)
31,2022年韩国7.7分动作犯罪片《犯罪都市2》BD韩语中字,韩国,动作/犯罪,2022-05-18(韩国)
32,2021年美国动作科幻片《末日激战》蓝光中英双字,美国,动作/科幻,2021-01-15(美国)
33,2022年韩国动作悬疑片《魔女2》BD韩语中字,韩国,动作/悬疑,2022-06-15(韩国)
34,2022年美国6.3分动作科幻片《侏罗纪世界3》蓝光中英双字,美国/马耳他,动作/科幻/冒险,2022-06-10(美国/中国大陆)/2022-06-01(韩国)
35,2022年国产动作犯罪片《烈探》HD国粤双语中字,中国大陆,动作/犯罪/剧情,2022-07-08(中国大陆网络)
36,2022年美国8.3分动画片《青春变形记》蓝光国粤英3语中字,美国,动画/喜剧/奇幻/冒险,2022-03-11(美国网络)
37,2022年美国动作奇幻片《奇异博士2：疯狂多元宇宙》蓝光中英双字,美国,动作/奇幻/恐怖/冒险,2022-05-04
38,2021年中国香港动作犯罪片《反贪风暴5：最终章》蓝光双语中字,中国香港/中国大陆,动作/犯罪,2021-12-31(中国大陆)
39,2022年美国8.3分喜剧奇幻片《瞬息全宇宙》蓝光中英双字,美国,喜剧/奇幻/冒险,2022-03-11(西南偏南电影节)/2022-03-25(美国)
40,2022年英国8.3分爱情片《唐顿庄园2》BD中英双字,英国/美国,爱情/剧情,2022-05-20(美国/中国大陆)/2022-04-27(法国)/2022-04-29(英国)
41,2022年美国科幻灾难片《月球陨落》蓝光中英双字,美国/中国大陆/英国,科幻/灾难,2022-03-25(中国大陆)/2022-02-04(美国)
42,2022年英国奇幻片《神奇动物：邓布利多之谜》BD中英双字,英国/美国,奇幻/冒险,2022-04-08(英国/中国大陆)/2022-04-15(美国)
43,2021年国产6.3分动作灾难片《峰爆》蓝光国语中字,中国大陆,动作/灾难/剧情,2021-09-17(中国大陆)
44,2021年韩国6.9分恐怖古装片《王国：北方的阿信》蓝光韩语中字,韩国,恐怖/古装/剧情,空
45,2022年美国7.6分动作犯罪片《新蝙蝠侠》蓝光国英双语中字,美国,动作/犯罪/悬疑/剧情,2022-03-18(中国大陆)/2022-03-01(韩国)/2022-03-04(美国)/2022-04-19(美国网络)
46,2022年美国动作科幻片《暗夜博士：莫比亚斯》BD中英双字,美国,动作/科幻/惊悚/恐怖/冒险,2022-04-01(美国)
47,2022年国产喜剧爱情片《四海》HD国语中字,中国大陆,喜剧/爱情/动作,2022-02-01(中国大陆)
48,2022年美国6.3分动作冒险片《神秘海域》BD英语中字,美国,动作/冒险,2022-03-14(中国大陆)/2022-02-18(美国)
49,2022年国产7.7分战争历史片《狙击手》HD国语中字,中国大陆,战争/历史/剧情,2022-02-01(中国大陆)
50,2020年美国8.2分动作犯罪片《绅士们》蓝光中英双字,美国,动作/犯罪,2020-01-24(美国)
51,2021年美国动作科幻片《黑客帝国：矩阵重启》蓝光国英双语中英双字,美国,动作/科幻,2022-01-14(中国大陆)/2021-12-22(美国)
52,2022年国产动画片《小虎墩大英雄》HD国语中字,中国大陆,动画/冒险,2022-02-01(中国大陆)
53,2021年美国7.5分动作科幻片《蜘蛛侠：英雄无归》蓝光中英双字,美国/冰岛,动作/科幻/冒险,空
54,2021年美国喜剧动作片《王牌特工：源起》蓝光特效中英双字,美国/英国,喜剧/动作/冒险,2021-12-22(美国)/2022-02-1
55,2021年国产6.0分剧情片《穿过寒冬拥抱你》HD国语中字,中国大陆,剧情/爱情,2021-12-31(中国大陆)
56,2021年国产剧情犯罪片《误杀2》4K国语中字,中国大陆,剧情/犯罪,2021-12-17(中国大陆)
57,2022年国产喜剧古装片《李茂扮太子》HD国语中字,中国大陆,喜剧/古装,2022-01-01(中国大陆)
58,2021年国产7.4分战争历史片《长津湖》蓝光国语中字,中国大陆/中国香港,战争/历史/剧情,2021-09-30(中国大陆)
59,2021年国产7.5分喜剧悬疑片《扬名立万》HD国语中字,中国大陆,喜剧/悬疑/剧情,2021-11-11(中国大陆)
60,2021年美国6.7分动作科幻片《永恒族》蓝光中英双字,美国/英国,动作/科幻/冒险,2021(中国大陆)/2021-11-05(美国)
61,2020年美国5.5分动作科幻片《喋血战士》蓝光中英双字,美国/中国大陆,动作/科幻,2020(中国大陆)/2020-03-13(美国)
62,2021年美国动作犯罪片《速度与激情9》蓝光国英双语中英双字,美国,动作/犯罪,2021-05-21(中国大陆)/2021-05-19(韩国)/2021-06-25(美国)
63,2021年国产8.3分喜剧爱情片《爱情神话》HD国语中字,中国大陆,喜剧/爱情/剧情,2021-12-24(中国大陆)
64,2021年国产6.7分剧情片《我和我的父辈》HD国语中字,中国大陆,剧情,2021-09-30(中国大陆)
65,2020年欧美7.8分动作科幻片《信条》蓝光国英双语中英双字,美国/英国,剧情/动作/科幻,2020-09-04(中国大陆)/2020-08-26(英国)/2020-09-03(美国)
66,2021年欧美6.9分动作惊悚片《007：无暇赴死》蓝光国英双语双字,英国/美国,动作/惊悚/冒险,2021-10-29(中国大陆)/2021-09-30(英国)/2021-10-08(美国)
67,2021年国产6.3分悬疑冒险片《古董局中局》HD国语中字,中国大陆,悬疑/冒险/剧情,2021-12-03(中国大陆)
68,2020年国产6.3分动作灾难片《紧急救援》BD国语中字,中国大陆/中国香港,动作/灾难,2020-12-18(中国大陆)
69,2021年国产6.2分战争历史片《铁道英雄》HD国语中字,中国大陆,战争/历史/剧情/动作,2021-11-19(中国大陆)
70,2020年国产6.5分剧情片《除暴》BD国粤双语中字,中国香港/中国大陆,剧情/动作/犯罪,2020-11-20(中国大陆)
71,2021年国产惊悚犯罪片《门锁》HD国语中字,中国大陆,惊悚/犯罪/剧情,2021-11-19(中国大陆)
72,2021年国产6.9分剧情灾难片《中国医生》BD国语中字,中国大陆,剧情/灾难,2021-07-09(中国大陆)
73, 2020年国产6.5分战争片《金刚川》蓝光国语中字,中国大陆,剧情/战争,2020-10-23(中国大陆)
74,2021年美国动作科幻片《毒液2》蓝光中英双字,美国,动作/科幻/惊悚,2021(中国大陆)/2021-10-01(美国)/2021-10(英国)
75,2021年欧美8.0分科幻冒险片《沙丘》蓝光中英双字,加拿大/匈牙利/美国,科幻/冒险/剧情,2021-10-22(美国/中国大陆)/2021-09-03(威尼斯电影节)/2021-09-11(多伦多电影节)
76,2021年欧美动作科幻片《尚气与十环传奇》蓝光特效中英双字,美国/澳大利亚,动作/科幻/冒险,2021-09-03(美国)/2021-11-12(美
77,2019年俄罗斯7.5分历史战争片《猎杀T34》BD俄语中字,俄罗斯,历史/战争/动作,2020-12-11(中国大陆)/2019-01-01(俄罗斯)
78,2021年国产6.8分喜剧悬疑片《不速来客》HD国语中字,中国大陆,喜剧/悬疑,2021-10-22(中国大陆)/2021-09-26(北京国际电影节)
79,2021年中国香港7.5分动作犯罪片《怒火・重案》BD国粤双语中字,中国香港/中国大陆,动作/犯罪,2021-07-30(中国大陆)/2021-08-19(中国香港)
80,2021年美国6.6分喜剧犯罪片《红色通缉令》BD中英双字,美国,喜剧/动作/惊悚/犯罪,2021-11-12(美国)
81,2021年韩国8.2分惊悚历史片《摩加迪沙》BD韩语中字,韩国,惊悚/历史/剧情,2021-07-28(韩国)
82,2021年欧美8.3分科幻片《芬奇》BD英语中字,英国/美国,科幻/剧情,2021-11-05(美国)
83,2019年日本7.4分科幻动画片《你好世界》BD国日语双语中字,日本,剧情/爱情/科幻/动画,2020(中国大陆)/2019-09-20(日本)
84,2021年欧美6.9分动作犯罪片《神偷军团》BD中字,德国/美国,动作/犯罪,2021-10-29(美国网络)
85,2021年国产7.5分喜剧运动片《五个扑水的少年》HD国语中字,中国大陆,喜剧/运动,2021-10-01(中国大陆)
86,2021年国产7.3分剧情片《盛夏未来》HD国语中字,中国大陆,剧情,2021-07-30(中国大陆)
87,2021年国产6.7分剧情历史片《1921》BD国语中字,中国大陆,剧情/历史,2021-07-01(中国大陆)/2021-06-11(上海国际电影节)
88,2021年美国6.6分奇幻冒险片《丛林奇航》BD英语中字,美国,喜剧/动作/奇幻/冒险,2021-07-30(美国)
89,2021年欧美7.7分喜剧科幻片《失控玩家》BD中英双字精译版,美国/加拿大,喜剧/动作/科幻,2021-08-27(中国大陆)/2021-08-10(洛迦诺电影节)/2021-08-13(美国)
90,2021年国产7.2分动画片《白蛇2：青蛇劫起》HD国语中字,中国大陆,动画/奇幻/冒险,2021-07-23(中国大陆)
91,2021年国产7.0分动作奇幻片《刺杀小说家》BD国粤双语中字,中国大陆,动作/奇幻/冒险,2021-02-12(中国大陆)
92,2021年欧美7.0分动作犯罪片《人之怒》BD国英双语特效中英双字,美国/英国,动作/犯罪,2021-05-10(中国大陆)/2021-04-22(俄罗斯)/2021-05-07(美国)
93,2021年美国8.3分喜剧动作片《X特遣队：全员集结》BD中英双字,美国,喜剧/动作/科幻/冒险,2021-07-28(法国)/2021-08-06(美国)
94,2021年国产7.1分喜剧犯罪片《人潮汹涌》BD国粤双语中字,中国大陆,喜剧/犯罪,2021-02-12(中国大陆)
95,2021年日本9.3分动画片《新・福音战士剧场版：终》BD国语中字,日本,动画/科幻/剧情,2021-03-08(日本)/
96,2021年欧美动作科幻片《特种部队：蛇眼起源》BD中英双字,加拿大/美国,动作/科幻/冒险,2021-07-23(美国)
97,2020年日本7.3分动画《哆啦A梦：伴我同行2》BD国粤日三语中字,日本,剧情/动画,2020-11-20(日本)
98,2021年美国6.6分科幻惊悚片《寂静之地2》BD中英双字,美国,科幻/惊悚/恐怖,2021-05-28(中国大陆/美国)
99,2020年日本动画片《鬼灭之刃 剧场版 无限列车篇》BD国粤日中字,空,空,空
100,2021年中国香港动作犯罪片《追虎擒龙》HD国语中字,中国香港/中国大陆,动作/犯罪/剧情,2021-05-01(中国大陆)
101,2021年美国9.4分喜剧爱情片《老友记重聚特辑》BD中英双字,美国,喜剧/爱情,2021-05-27(美国网络)
102,2020年国产刘德华刘青云动作犯罪片《拆弹专家2》BD国粤双语中字,中国大陆/中国香港,动作/犯罪,2020-12-24(中国大陆)
103,2021年欧美悬疑惊悚片《电锯惊魂9：漩涡》BD中英双字,美国/加拿大,悬疑/惊悚/恐怖,2021-05-14(美国)
104,2021年国产6.4分动作犯罪片《扫黑・决战》HD国语中字,中国大陆,动作/犯罪/剧情,2021-05-01(中国大陆)
105,2021年国产喜剧悬疑片《唐人街探案3》BD国语中字,中国大陆,喜剧/悬疑,2021-02-12(中国大陆)
106,2021年美国动作恐怖片《活死人军团》BD中英双字,美国,动作/科幻/恐怖,2021-05-14(美国)/2021-05-21(美国网络)
107,2019年中国台湾8.5分家庭犯罪片《阳光普照》HD国语中字,中国台湾,剧情/家庭/犯罪,2019-11-01(中国台湾)/2019-09-06(多伦多电影节)
108,2021年中国香港动作奇幻片《真・三国无双》HD国粤双语中英双字,中国大陆/中国香港,动作/奇幻/古装,2021-05-01(中国大陆)/2021-04-29(中国香港)
109,2021年国产8.1分喜剧片《你好，李焕英》HD国语中英双字,中国大陆,喜剧/奇幻/剧情,2021-02-12(中国大陆)
110,2021年美国7.9分动作犯罪片《小人物》BD中英双字,美国,动作/犯罪,2021-03-26(美国)
111,2021年国产张震科幻悬疑片《缉魂》HD国语中字无删减版,中国大陆/中国台湾,科幻/悬疑/惊悚/犯罪,2021-01-15(中国大陆)/2021-01-29(中国台湾)/2021-01-08(大规模点映)
112,2021年国产7.4分奇幻动画《新神榜：哪吒重生》HD国粤双语中字,中国大陆,动作/动画/奇幻,2021-02-12(中国大陆)
113,2020年美国9.3分动画片《心灵奇旅》BD国英双语特效中英双字,美国,动画/喜剧/音乐/奇幻/冒险,2020-12-25(中国大陆/美国网络)/2020-10-11(伦敦电影节)
114,2021年国产陈坤周迅奇幻片《侍神令》HD国英双语中字,中国大陆,奇幻,2021-02-12(中国大陆)
115,2020年欧美6.5分动作片《神奇女侠1984》BD国英双语中英双字,美国/英国/西班牙,动作/奇幻/冒险,2020-12-18(中国大陆)/2020-12-25(美国)
116,2021年美国8.8分科幻片《扎克・施奈德版正义联盟》BD中英双字,美国,动作/科幻/奇幻/冒险,2021-03-18(美国)
117,2020年国产7.5分剧情片《送你一朵小红花》HD国语中字,中国大陆,剧情,2020-12-31(中国大陆)
118,2020年国产7.0分奇幻动画片《姜子牙》BD国语中字,中国大陆,剧情/动画/奇幻,2020-10-01(中国大陆)
119,2020年国产赵又廷邓伦爱情奇幻片《晴雅集》BD国语中字,中国大陆,爱情/奇幻,2020-12-25(中国大陆)/2021-02-05(美国网络)
120,2020年国产6.5分剧情片《沐浴之王》HD国语中字,中国大陆,喜剧,2020-12-11(中国大陆)
121,2019年中国香港6.5分剧情片《麦路人》BD国粤双语中字,中国香港,剧情,2020-09-17(中国大陆)/2019-10-29(东京电影节)
122,2020年国产成龙杨洋艾伦动作片《急先锋》BD国粤双语中字,中国大陆,动作,2020-09-30(中国大陆)
123,2020年国产6.4分爱情犯罪片《风平浪静》HD国语中字,中国大陆,爱情/犯罪/剧情,2020-11-06(中国大陆)/2020-07-29(上海电影节)
124,2019年成龙动作奇幻片《龙牌之谜》BD国英双语中英双字,中国大陆/俄罗斯,动作/奇幻/冒险,空
125,2020年韩国7.3分惊悚犯罪片《无声》BD韩语中字,韩国,惊悚/犯罪,2020-10-15(韩国)
126,2020年韩国动作惊悚片《釜山行2：半岛》BD韩语中字,韩国,动作/惊悚,2020-07-15(韩国)
127,2019年美国动作奇幻片《地狱男爵：血皇后崛起》BD中英双字,美国,动作/奇幻/冒险,2019-04-12(美国)
128,2020年美国科幻恐怖片《新变种人》BD中字,美国,动作/科幻/恐怖,2020-08-28(美国)
129,2020年国产爱情剧情片《荞麦疯长》HD国语中字,中国大陆,剧情/爱情,2020-08-25(中国大陆)/2020-07-27(上海电影节)
130,2020年国产爱情奇幻片《我在时间尽头等你》HD国语中字,中国大陆,爱情/奇幻,2020-08-25(中国大陆)
131,2019年国产剧情片《深夜食堂》BD国粤双语中字,中国大陆,剧情,2019-08-30(中国大陆)
132,2019年美国6.4分科幻片《哥斯拉2：怪兽之王》BD国英双语双字,美国,动作 / 科幻 / 冒险 / 灾难,2019-05-31(中国大陆/美国) / 2019-05-25(大规模点映)
133,2019年国产胡歌廖凡剧情犯罪片《南方车站的聚会》BD国语中字,中国大陆/法国,剧情/犯罪,2019-12-06(中国大陆)/2019-05-18(戛纳电影节)
134,2018年美国5.3分动作片《移动迷宫3：死亡解药》BD国英双语中字,美国,动作/科幻/冒险,2018-01-26(美国/中国大陆)
135,2013年韩国8.1分惊悚犯罪片《蒙太奇》BD韩语中字,韩国,剧情/惊悚/犯罪,2013-05-16(韩国)
136,2019年日本7.1分爱情动画片《天气之子》BD日语中字,日本,爱情/动画/奇幻,2019-11-01(中国大陆)/2019-07-19(日本)
137,2019年国产5.6分动作片《追龙Ⅱ》BD国粤双语中字,香港/中国大陆,剧情/动作/犯罪,2019-06-06(中国大陆)
138,2019年国产5.3分古装爱情片《诛仙 Ⅰ》BD国语中字,中国大陆,爱情 / 奇幻 / 古装,2019-09-13(中国大陆)
139,2019年黄晓明侯勇6.7分灾难片《烈火英雄》BD国语中字,中国大陆,剧情 / 灾难,2019-08-01(中国大陆)
140,2020年美国5.5分喜剧奇幻片《多力特的奇幻冒险》BD中英双字,美国,喜剧/奇幻,2020(中国大陆)/2020-01-17(美国)
141,2019年国产8.3分喜剧动画片《哪吒之魔童降世》BD国语中字,中国大陆,剧情 / 喜剧 / 动画 / 奇幻,2019-07-26(中国大陆) / 2019-07-13(大规模点映)
142,2019年国产6.5分爱情片《只有芸知道》HD国语中字修复版,中国大陆,剧情/爱情,2019-12-20(中国大陆)
143,2019年国产6.1分喜剧爱情片《宠爱》HD国语中英双字,中国大陆,剧情/喜剧/爱情,2019-12-31(中国大陆)
144,2019年中美7.1分动作科幻片《终结者：黑暗命运》BD中英双字,美国/中国大陆,动作/科幻/冒险,2019-11-01(美国/中国大陆)/2019-10-23(法国)
145,2018年中国台湾8.6分喜剧爱情片《谁先爱上他的》HD国语中字,中国台湾,剧情/喜剧/同性,2018-11-02(中国台湾)/2018-04-22(乌迪内远东电影节)
146,2019年新中国成立70周年献礼片《我和我的祖国》HD国语中字,中国大陆,剧情,2019-09-30(中国大陆)
147,2019年美国6.4分动作片《速度与激情：特别行动》BD中英双字,美国,动作/犯罪,2019-08-2
148,2019刘德华动作片《扫毒2天地对决》BD国粤双语中字,中国香港 / 中国大陆,剧情 / 动作 / 悬疑 / 犯罪,2019-07-05(中国大陆) / 2019-07-16(中国香港)
149,2019年美国7.4分动画冒险片《狮子王》BD国粤英三语中英双字,美国,剧情 / 动画 / 冒险,2019-07-12(中国大陆) / 2019-07-19(美国)
150,2019美国7.6分动作片《阿丽塔：战斗天使》BD国英双语中字修复,美国 / 加拿大 / 阿根廷,动作 / 科幻 / 冒险,2019-02-22(中国大陆) / 2019-02-05(台湾) / 2019-02-14(美国)
151,2019年姚晨7.4分剧情片《送我上青云》HD高清国语中英双字修复,中国大陆,剧情,2019-08-16(中国大陆) / 2019-06-17(上海电影节)
152,2019年美国6.5分动作片《雷霆沙赞！》BD国英双语中字修复,美国,动作/奇幻/冒险,2019-04-05(美国/中国大陆)
153,2019年美国7.2分喜剧片《爱宠大机密2》BD国粤英三语中英双字,美国,喜剧 / 动画 / 冒险,2019-07-05(中国大陆) / 2019-06-07(美国)
154,2019年邓超吴京6.3分剧情片《银河补习班》HD高清国语中字,中国大陆,剧情,2019-07-18(中国大陆) / 2019-07-13(大规模点映)
155,2019年美国6分动作科幻片《X战警：黑凤凰》BD中英双字修复,美国,动作 / 科幻 / 冒险,2019-06-06(中国大陆) / 2019-06-07(美国)
156,2019年美国7.8分奇幻冒险片《阿拉丁真人版》BD中英双字,美国,爱情 / 歌舞 / 奇幻 / 冒险,2019-05-24(美国/中国大陆)
157,2019年美国5.7分动作片《黑衣人：全球追缉》BD中英双字,美国,喜剧 / 动作 / 科幻,
158,2019年国产5.7分剧情爱情片《最好的我们》HD国语中英双字,中国大陆,剧情 / 爱情,2019-06-06(中国大陆)
159,2018年台湾爱情片《比悲伤更悲伤的故事》BD国语中字,台湾,爱情,2019-03-14(中国大陆)/2018-11-30(台湾)
160,2019年美国7.0分科幻片《惊奇队长》BD中英双字,美国,动作/科幻/冒险,2019-03-08(美国/中国大陆)
161,2019年国产6.9分剧情片《老师・好》HD高清国语中字,中国大陆,剧情,2019-03-22(中国大陆)
162,2018年国产7.6分悬疑片《风中有朵雨做的云》HD国语中字,中国大陆,剧情/悬疑/犯罪,2019-04-04(中国大陆)/2018-11-09(台北金马影展)
163,2018年国产7.9分剧情片《过春天》HD国语中英双字,中国大陆,剧情,2019-03-15(中国大陆)/2018-09-08(多伦多电影节)
164,2019年美国7.3分悬疑片《密室逃生》BD中英双字,美国,悬疑/惊悚,2019-01-18(中国大陆)/2019-01-04(美国)
165,2018年欧美7.8分奇幻片《海王》BD国语中字,美国/澳大利亚,动作/奇幻/冒险,2018-12-07(中国大陆)/2018-12-21(美国)
166,2018年欧美8.7分动作片《蜘蛛侠：平行宇宙》BD双语双字,美国,动作/科幻/动画/冒险,2018-12-21(中国大陆)
167,2019年国产喜剧动作片《神探蒲松龄》HD国粤双语中字,中国大陆,喜剧/动作/奇幻,2019-02-05(中国大陆)
168,2018年国产7.4分动作片《影》BD国语中字,中国大陆,剧情/动作/武侠/古装,2018-09-30(中国大陆)/2018-09-06(威尼斯电影节)
169,2019年国产6.4分喜剧片《疯狂外星人》HD高清国语中字修复,中国大陆,喜剧/科幻,2019-02-05(中国大陆)
170, 2019年国产6.4分喜剧片《新喜剧之王》BD国粤双语中字,中国大陆/香港,剧情/喜剧,2019-02-05(中国大陆)
171,2018年美国8.2分动画片《无敌破坏王2：大闹互联网》BD三语双字,美国,喜剧/动画/奇幻/冒险,2018-11-23(中国大陆)/2018-11-21(美国)
172,2018年欧美7.2分奇幻片《神奇动物：格林德沃之罪》BD中英双字,美国/英国,奇幻/冒险,2018
173,2018年国产6.0分喜剧片《来电狂响》HD国语中字,中国大陆,剧情/喜剧,2018-12-28(中国大陆)
174,2018年美国6.0分动作片《巨齿鲨》BD中英双字修复,美国/中国大陆/香港,动作/科幻/惊悚,2018-08-10(美国/中国大陆)
175,2018年欧美6.7分动作片《冰海陷落》BD中英双字修正,中国大陆,动作/惊悚,2018-10-26(美国)
176,2018年国产8.2分动作片《无双》BD中字,中国大陆/香港,剧情/动作/犯罪,2018-09-30(中国大陆)/2018-10-04(香港)
177,2018年国产8.3分剧情片《狗十三》HD国语中字,中国大陆,剧情/家庭,2018-12-07(中国大陆)/2013-10-11(华语青年影像论坛)
178,2018年国产8.2分喜剧片《无名之辈》HD国语中字,中国,剧情/喜剧,2018-11-16(中国大陆)
179,2018年欧美6.6分喜剧片《憨豆特工3》BD中英双字,法国/美国/英国,喜剧/动作/冒险,2018-11-23(中国大陆)/2018-10-05(英国)/2018-10-26(美国)
180,2018年国产喜剧片《李茶的姑妈》HD国语中字,中国大陆,喜剧,2018-09-30(中国大陆)
181,2018年国产7.0分爱情片《你好之华》HD国语中字,中国大陆,剧情/爱情,2018-11-09(中国大陆)
182,2018年国产7.5分剧情片《找到你》HD国语中字,中国大陆,剧情,2018-10-05(中国大陆)/2018-06-17(上海电影节)
183,2018年美国8.3分剧情片《碟中谍6：全面瓦解》BD双语双字,美国,动作/惊悚/冒险,2018-08-31(中国大陆)/2018-07-27(美国)
184,2018年国产7.3分喜剧片《一出好戏》BD国语中字,中国内地,喜剧,2018-08-10(中国大陆)
185,2018年国产7.1分喜剧片《超时空同居》BD国语中字,中国大陆,喜剧/奇幻,2018-05-18(中国大陆)
186,2018年欧美8.7分悬疑片《网络谜踪》BD中英双字,美国/俄罗斯,剧情/悬疑/惊悚,2018-01-20(圣丹斯电影节)/2018-08-24(美国)
187,2018年美国6.9分动画片《精灵旅社3：疯狂假期》BD中英双字,美国,喜剧/动画/奇幻,2018-08-17(中国大陆)/2018-07-13(美国)
188,2018年美国6.5分动作片《摩天营救》BD国英双语中英双字,美国,动作/惊悚/冒险,2018-07-20(中国大陆)/2018-07-13(美国)
189,2018年国产7.0分喜剧片《快把我哥带走》HD高清国语中字,中国大陆,喜剧/奇幻,2018-08-17(中国大陆)
190,2018年国产7.3分剧情片《动物世界》HD高清国语中字,中国大陆,剧情/动作/冒险,2018-06-29(中国大陆)
191,2018年国产7.0分喜剧片《唐人街探案2》BD国语中字,中国大陆,喜剧/动作/犯罪/悬疑,2018-02-16(中国大陆)
192,2018年欧美6.9分科幻片《侏罗纪世界2》BD国英双语中英双字,美国/西班牙,动作/科幻/冒险,2017-12-29(中国大陆)
193,2018年国产6.5分动作片《狄仁杰之四大天王》HD国语中英双字,中国大陆/香港,动作/悬疑/古装,2018-07-27(中国大陆)
194,2017年印度8.0分剧情片《神秘巨星》BD中字,印度,剧情/音乐,2018-01-19(中国大陆)/2017-10-18(印度)
195,2018年欧美8.4分动画片《犬之岛》BD国英双语中英双字,美国/德国,喜剧/动画/冒险,2018-04-20(中国大陆)/2018-02-15(柏林电影节)/2018-03-23(美国)
196,2018年美国动作片《金蝉脱壳2》BD中英双字,美国/中国大陆,动作/惊悚,2018-06-29(中国大陆/美国)
197,2018年美国8.9分动作片《头号玩家》BD中英双字,美国,动作/科幻/冒险,2018-03-30(中国大陆)/2018-03-11(西南偏南电影节)/2018-03-29(美国)
198,2018年美国6.6分恐怖片《寂静之地》BD中英双字,美国,惊悚/恐怖,2018-05-18(中国大陆)/2018-03-09(西南偏南电影节)/2018-04-06(美国)
199,2018年国产爱情片《后来的我们》HD高清国语中字,中国大陆,剧情/爱情,2018-04-28(中国大陆)
200,2017年国产爱情片《前任3：再见前任》BD国语中字,中国大陆,喜剧/爱情,2017-12-29(中国大陆)
201,2018年美国6.0分动作片《环太平洋：雷霆再起》BD中英双字,美国/中国,动作,2018-03-23(美国/中国大陆)
202,2018年国产奇幻片《捉妖记2》BD国粤双语中字,中国大陆,喜剧/奇幻,2018-02-16(中国大陆)
203,2018年美国6.3分动作片《古墓丽影：源起之战》BD中英双字,美国,动作/冒险,2018-03-16(美国/中国大陆)
204,2017年欧美7.0分悬疑片《东方快车谋杀案》BD中英双字,美国/马耳他,剧情/犯罪/悬疑,2017-11-10(美国/中国大陆)/2017-11-03(英国)
205,2018年国产7.7分剧情片《无问西东》HD国语中字,中国大陆,剧情/爱情/战争,2018-01-12(中国大陆)
206,2017年国产7.9分剧情片《芳华》BD中字,中国大陆,剧情/历史/战争,2017-12-15(中国大陆)/2017-09-07(多伦多电影节)
207,2018年国产奇幻片《西游记之女儿国》BD国粤双语中字,中国大陆/香港,喜剧/爱情/奇幻,2018-02-16(中国大陆)
208,2017年国产7.0分奇幻片《妖猫传》BD国语中字,中国大陆/日本,剧情/悬疑/奇幻/古装,2017-12-22(中国大陆)/2018-02-24(日本)
209,2017年美国7.2分动作片《勇敢者游戏：决战丛林》BD双语双字,美国,动作/奇幻/冒险,2018-01-12(中国大陆)/2017-12-20(美国)
210,2017年美国7.5分剧情片《水形物语》BD中英双字修复,美国,剧情/奇幻/冒险,2018-03-16(中国大陆)/2017-08-31(威尼斯电影节)/2017-12-01(美国)
211,2015年美国8分科幻动画片《超能陆战队》BD国粤英中英双字, 美国, 喜剧/动作/科幻/动画/冒险, 2015-02-28(中国大陆)/2014-11-07(美国)
212,2017年欧美8.3分战争片《敦刻尔克》BD国英双语中英双字,英国/法国/美国/荷兰,剧情/历史/战争,2017-09-01(中国大陆)/2017-07-13(伦敦首映)/2017-07-21(美国)
213,2017年国产7.2分喜剧片《羞羞的铁拳》HD高清国语中英双字,中国大陆,喜剧/奇幻,2017-09-30(中国大陆)
214,2017年国产7.4分动作片《战狼2》BD国语中英双字,中国大陆,动作,2017-07-27(中国大陆)
215,2017年欧美7.2分动作片《王牌特工2：黄金圈》BD中英双字,英国/美国,喜剧/动作/冒险,2017-10-20(中国大陆)/2017-09-20(英国)/2017-09-22(美国)
216,2017年法国7.1分动作片《星际特工：千星之城》BD中英双字,法国,动作/科幻/冒险,2017-08-25(中国大陆)/2017-07-20(德国)/2017-07-26(法国)
217,2017年欧美7.0分科幻片《猩球崛起3：终极之战》BD双语中英双字,美国,剧情/动作/科幻,2017-09-15(中国大陆)/2017-07-14(美国)
218,2017年美国7.5分科幻片《蜘蛛侠：英雄归来》BD中英双字,美国,动作/科幻/冒险,空
219,2017年欧美7.3分动作片《加勒比海盗5：死无对证》BD中英双字,美国,动作/奇幻/冒险,
220, 2017年美国7.4分科幻片《异形：契约》BD中英双字,美国,科幻/惊悚/恐怖,2017-06-16(中国大陆)/2017-05-10(法国)/2017-05-19(美国)
221,2017年美国6.6分动作片《攻壳机动队真人版》BD国英双语中英双字,美国,动作/科幻/犯罪,2017-04-07(中国大陆)/2017-03-29(法国)/2017-03-31(美国)
222,2017年美国6.8分动作片《金刚：骷髅岛》BD国英双语中英双字,美国,动作/奇幻/冒险,2017-03-24(中国大陆)/2017-02-28(伦敦首映)/2017-03-10(美国)
223,2017年国产奇幻片《西游伏妖篇》BD国粤双语中字,中国大陆/香港,喜剧/动作/奇幻/古装,2017-01-28(中国大陆)
224, 2017年国产6.3分喜剧片《功夫瑜伽》BD国语中字,中国,喜剧/动作/冒险,2017-01-28(中国大陆)
225,2017年欧美动作片《刺客信条》BD中英双字,美国/英国/法国/香港,动作/历史/科幻/冒险,分 7.0/10 from 432 users
226,2016年美国7.8分科幻片《奇异博士》BD中英双字,美国,动作/科幻/奇幻/冒险,2016-11-04(中国大陆/美国) / 2016-10-25(英国)
227,2016年国产6.6分动作片《三少爷的剑》BD国语中字,中国大陆,剧情/动作/武侠/古装,2016-12-02(中国大陆) / 2016-10-21(罗马国际电影节)
228,2016年国产7.5分纪录片《我在故宫修文物》HD高清国语中字,中国大陆,纪录片,2016-12-16(中国大陆)
229,2016年美国6.3分动作片《侠探杰克：永不回头》BD中英双字,美国,剧情/动作/犯罪/悬疑/惊悚,2016-10-21(中国大陆/美国)
230,2016年国产6.8分喜剧片《我不是潘金莲》BD高清国语中英双字,中国大陆,剧情/喜剧,2016-11-18(中国大陆) / 2016-09-08(多伦多电影节)
231,2016年国产犯罪片《少年》HD高清国语中字,中国大陆,犯罪/悬疑,2016-12-16(中国大陆)
232,2016年欧美7.7分奇幻片《神奇动物在哪里》HD1280高清韩版中字,英国/美国,剧情/奇幻/冒险,2016-11-25(中国大陆) / 2016-11-18(美国/英国)
233,2016年刘德华黄晓明喜剧片《王牌逗王牌》BD国粤双语中字,中国大陆/香港,喜剧/动作/冒险,2016-09-30(中国大陆)
234,2106年国产8.1分动作片《湄公河行动》BD国语中字,中国大陆/香港,动作/犯罪,2016-09-30(中国大陆) / 2016-10-07(台湾)
235,2016年6.2分动作片《邻家大贱谍》BD中英双字,美国,剧情/喜剧/动作,2016-11-08(中国大陆) / 2016-10-21(美国)
236,2016年美国6.4分悬疑片《但丁密码》BD中英双字,美国/匈牙利,悬疑/惊悚,2016-10-28(中国大陆/美国)
237,2016年美国6.6分惊悚片《火车上的女孩》BD中英双字,美国,悬疑/惊悚,2016-10-07(美国) / 2016-10-05(英国)
238,2016年欧美7.5分动画片《魔发精灵》BD中英双字,美国,动画/奇幻/冒险/歌舞,2016-10-28(中国大陆) / 2016-11-04(美国)
239,2016年6.8分爱情片《28岁未成年》HD国语中英双字,中国大陆,喜剧/爱情/奇幻,2016-12-09(中国大陆)
240,2016年欧美喜剧片《超新约全书》BD法语中字,比利时/法国/卢森堡,喜剧/奇幻,2015-05-17(戛纳电影节) / 2015-09-01(比利时)
241,2016年7.9分动画片《航海王之黄金城》BD日语中字,日本,剧情/动作/动画/冒险,2016-11-11(中国大陆) / 2016-07-23(日本)
242,2016年美国7.2分动作片《会计刺客》BD中英双字,美国,剧情/动作/犯罪/惊悚,2016-10-14(美国)
243,2016美国7.6分剧情片《斯诺登/斯诺登风暴》BD中英双字,美国 / 德国,剧情 惊悚 传记,2016-09-09(多伦多电影节) / 2016-09-16(美国)
244,2016年日本8.4分喜剧片《濑户内海》BD日语中字,日本,剧情/喜剧,2016-06-12(上海电影节) / 2016-07-02(日本)
245,2016年日本7.1分动画片《哆啦A梦：新・大雄的日本诞生》BD国粤日语中字,日本,动画,2016-07-22(中国大陆) / 2016-03-05(日本)
246,2016年国产奇幻片《封神传奇/封神榜》BD国粤双语中字,香港 / 中国大陆,剧情 / 动作 / 奇幻,2016-07-29(中国大陆)
247,2016年美国7.7分动画片《逗鸟外传：萌宝满天飞》BD中英双字,美国,喜剧/动画,2016-09-23(中国大陆/美国)
248,2016年国产动作片《惊天破》BD国粤双语中字,2016-10-20(香港/中国大陆)/2016-06-13(上海国际电影节),中国大陆/香港,中文字幕
249,2016年国产动作片《危城》BD国粤双语中字,中国大陆/香港,剧情/动作/犯罪/武侠/古装,2016-08-12(中国大陆)
250,2016年美国7.2分动作片《豪勇七蛟龙》BD中英双字,美国,动作/西部,2016-09-08(多伦多电影节) / 2016-09-23(美国)
251,2016年国产喜剧片《从你的全世界路过》HD国语中英双字,喜剧/爱情,英语,5.5/10 from 93103 users
252,2016年美国7.4分奇幻片《佩小姐的奇幻城堡》BD中英双字,美国,剧情/奇幻/冒险,2016-12-02(中国大陆) / 2016-09-30(美国)
253,2016年国产6.1分悬疑片《捉迷藏》HD高清国语中英双字,中国大陆,犯罪/悬疑/惊悚,2016-11-04(中国大陆)
254,2016年日本8.3分剧情片《比海更深/比海还深(台)》BD中字,日本,剧情,2016-05-18(戛纳国际电影节) / 2016-05-21(日本)
255,2016年美国6.8分奇幻片《圆梦巨人》BD国英双语中英双字,美国/英国,奇幻/冒险,2016-10-14(中国大陆) / 2016-07-01(美国) / 2016-05-14(戛纳电影节)
256,2016年国产大陆片《我们的十年》HD国语中字,中国,剧情/爱情,2016-09-02(中国大陆)
257,2016年美国6.7分动作片《X特遣队》BD中英双字,美国,喜剧/动作/冒险,2016-08-05(美国)
258,2016年美国7分动作片《机械师2：复活》BD中英双字,法国/美国,动作/犯罪/惊悚,2016-10-21(中国大陆) / 2016-08-26(美国) / 2016-08-31(法国)
259,2016年国产7.3分爱情片《长江图》HD国语中英双字,中国大陆,剧情/爱情,2016-01-22(圣丹斯电影节) / 2016-06-24(美国)
260,2016年美国8.1分剧情片《赴汤蹈火》BD中英双字,美国,剧情/犯罪,2016-05-16(戛纳电影节) / 2016-08-12(美国) / 2016-09-09(英国)
261,2016年国产真人奇幻片《爵迹》HD国语中字,中国大陆,动画 / 奇幻,2016-01-22(圣丹斯电影节) / 2016-06-24(美国)
262,2016年国产奇幻剧《大话西游3》BD国粤双语中字,2016-09-14(中国大陆),中国大陆,中文 / 英文
263,2016年美国8.2分动画片《魔弦传说》BD中英双字,美国,动画/冒险,2016-08-19(美国)
264,2016年美国7.3分剧情片《军火贩》BD中英双字,美国,剧情/喜剧/战争,2016-08-19(美国)
265,2016年美国7.5分恐怖片《屏住呼吸/禁室杀戮》BD中英双字,美国,剧情/悬疑/恐怖,2016-03-12(西南偏南电影节) / 2016-08-26(美国)
266,2016年7.6分美国动画片《爱宠大机密》BD国粤英三语中字,美国,喜剧/动画,7.6/10 from 62708 users
267,2016年日本恐怖片《请叫我英雄》BD日语中字,日本,动作 / 恐怖,2016-04-23(日本)
268,2016年美国7.7分动画片《海底总动员2》BD中英双字,2016-06-17(中国大陆/美国),美国,中文
269,2016年日本7.6分动画片《名侦探柯南：纯黑的噩梦》BD日语中字,动画/悬疑,日语,6.6/10 from 6387 users
270,2016年林心如任达华爱情惊悚片《魔宫魅影》BD国语中字, 中国大陆, 剧情 / 爱情 / 惊悚,2016-04-29(中国大陆)
271,2016年国产7.6分爱情片《七月与安生》HD国语中字,中国大陆/香港,剧情/爱情,2016-09-14(中国大陆) / 2016-10-27(香港)
272,2016年国产7.6分喜剧片《追凶者也》HD国语中英双字,中国大陆,剧情/喜剧/犯罪,2016-09-14(中国大陆)
273,2015年国产6.7分悬疑片《黑处有什么》HD国语中英双字,中国大陆,剧情/犯罪/悬疑,2016-10-14(中国大陆) / 2015-07-23(FIRST青年电影展)
274,2016年美国7.4分动画片《香肠派对》BD中英双字,美国,动画/冒险/喜剧,2016-08-12(美国)
275,2016年国产刘烨王珞丹战争片《我的战争》HD国语中英双字,2016-09-15(中国大陆),中国大陆,中文字幕
276,2016年成龙范冰冰动作片《绝地逃亡》BD中英双字,中国大陆/美国/香港,喜剧/动作,2016-07-29(中国大陆)
277,2016年美国6.4分科幻片《超能敢死队》HD中英双字,美国,动作/喜剧/科幻,2016-07-15(美国)
278,2016年美国7.1分犯罪片《玩命直播》BD中英双字幕,美国,犯罪/奇幻/冒险,2016-01-22(圣丹斯电影节) / 2016-06-24(美国)
279,2016年美国8.1分喜剧片《神奇队长》BD中英双字,美国,剧情/喜剧/爱情,2016-01-23(圣丹斯电影节) / 2016-07-08(美国)
280,2016年美国6.4分科幻片《独立日：卷土重来》BD中英双字,美国,动作/科幻/冒险/灾难,"分　6.4/10 from 62,432 users"
281,2016年日本6.6分爱情片《狼少女与黑王子》BD日语中字,日本,爱情,2016-05-28(日本)
282,2016年陈坤白百何剧情片《火锅英雄》BD国语中字, 中国大陆, 剧情,2016-04-01(中国大陆)
283,2016年美国6.8分恐怖《关灯后》BD中英双字,美国,恐怖,2016-07-22(美国)
284,2016年韩国7.9分悬疑片《哭声》BD韩语中字,韩国,剧情/悬疑/惊悚,2016-05-11(韩国) / 2016-05-18(戛纳电影节) / 2016-07-27(FIRST青年电影展)
285,2016年法国7.8分惊悚片《她/烈女本色(港)》BD中英双字,法国 / 德国 / 比利时,剧情 / 惊悚,2016-05-21(戛纳电影节) / 2016-05-25(法国) / 2016-06-02(荷兰)
286,2016年国产7.2分动作片《赏金猎人》BD国粤双语中字,中国大陆 / 韩国 / 香港,剧情 / 喜剧 / 动作,2016-07-01(中国大陆)
287,2016年国产6.6分动画片《大鱼海棠》BD国语中字,中国大陆,剧情/动画/奇幻,2016-07-08(中国大陆)
288,2016年舒淇冯绍峰爱情片《我最好朋友的婚礼》HD中英双字,中国/美国,喜剧/爱情,2016-08-05(中国大陆)
289,2016年美国7.5分科幻片《星际迷航3：超越星辰》BD中英双字,美国,动作/科幻/冒险,2016-09-02(中国大陆) / 2016-07-22(美国)
290,2016年美国6.5分动作片《人类清除计划3》BD中英双字,2016 年,法国/美国,中英双字幕
291,2016年美国7.1分爱情片《咖啡公社》BD中字,美国,剧情/喜剧/爱情,2016-05-11(法国) / 2016-05-19(西雅图国际电影节) / 2016-07-29(美国)
292,2016年美国6.7分动作片《泰山归来：险战丛林》BD中英双字,美国,动作/冒险,分　6.7/10 from 34843 users
293,2016年国产爱情片《微微一笑很倾城电影版》BD国语中英双字,中国大陆,爱情,2016-08-12(中国大陆)
294,2016年国产悬疑片《盗墓笔记》BD国语中英双字,2016-08-05(中国大陆),中国大陆,简体中文 / 英文
295,2016年美国6.8分动作片《乌龙特工》BD中英双字,2016 年,美国,中文字幕
296,2016年国产赵薇古天乐警匪动作片《三人行》BD国粤双语中字,中国大陆/香港,剧情/动作/犯罪,2016-06-24(中国大陆)/2016-06-30(香港)
297,2016年国产喜剧片《那件疯狂的小事叫爱情》HD国语中英双字, 中国, 喜剧/爱情, 2016-08-12(中国大陆)
298,2016年国产爱情片《夏有乔木 雅望天堂》HD国语中英双字,中国大陆,爱情,2016-08-05(中国大陆)
299,2016年国产7.5分犯罪片《惊天大逆转》HD高清国语中字,中国大陆 / 韩国,剧情 / 悬疑 / 犯罪, 2016-07-15(中国大陆)
300,2015年韩国6.4分历史片《奸臣》BD韩语中字,韩国,剧情/历史,分　6.0/10 from 223 users
301,2016年美国7.8分恐怖片《招魂2》BD中英双字,美国,悬疑/惊悚/恐怖,"分　7.8/10 from 66,964 users"
302,2016年国产6.7喜剧片《北京遇上西雅图之不二情书》BD国语中字,中国大陆/香港,喜剧/爱情,2016-04-29(中国大陆)
303,2016年英国7.7分爱情片《遇见你之前》BD中英双字,英国,剧情/爱情,2016-05-20(中国大陆) / 2016-03-08(曼谷首映) / 2016-03-18(美国)
304,2015年美国7.8分战争片《地雷区》BD中字,丹麦/德国,剧情/历史/战争,"分　7.8/10 from  3,974 users"
305,2015年瑞典剧情片《一个叫欧维的男人决定去死》BD瑞典语中字,瑞典,剧情/喜剧,2015-12-25(瑞典)
306,2016年国产爱情片《陆��知马俐 》BD国语中英双字, 中国, 喜剧/爱情, 2016-07-15(中国大陆)
307,2016年国产喜剧片《快手枪手快枪手》HD高清国语中英双字,中国大陆,喜剧 / 动作,2001-08-10(美国)
308,2016年俄罗斯7.7分动作片《火海凌云》BD中字,俄罗斯,动作/剧情/冒险,2001-08-10(美国)
309,2016年美国6.8分犯罪片《金钱怪兽》BD中英双字,美国,犯罪/剧情/惊悚,2016-05-12(戛纳电影节) / 2016-05-13(美国)
310,2016年美国7.8分奇幻片《奇幻森林》BD双语双字,美国,剧情/奇幻/冒险,分　7.8/10 from 101239 users
311,2016年6.2分美国科幻动作片《猎神：冬日之战》BD双语双字,美国,剧情/动作/奇幻/冒险,2016-04-22(中国大陆/美国)
312,2016年韩国8.1分惊悚片《小姐/下女诱罪》HD高清韩语中字,韩国,剧情/惊悚/同性,2016-05-14(戛纳电影节) / 2016-06-01(韩国)
313,2016年美国7.7分喜剧片《耐撕侦探》BD中英双字,美国/英国,喜剧/动作/犯罪,2016-05-20(美国)
314,2016年国产7.2分剧情片《路边野餐》HD国语中字,中国大陆,剧情,2016-07-15(中国大陆) / 2015-08-11(洛迦诺电影节)
315,2015年冯小刚许晴动作犯罪片《老炮儿》BD国语中字,中国大陆,剧情/动作/犯罪, 2015-12-24(中国大陆)/2015-09-09(威尼斯电影节)
316,2016年美国6.4分动作犯罪片《超脑48小时》BD双语双字,英国 / 美国,剧情 / 动作 / 悬疑 / 惊悚 / 犯罪,2016-05-13(中国大陆) / 2016-04-15(英国/美国)
317,2016年美国7分传记运动片《黑色闪电/奔腾人生》BD中英双字,法国/德国/加拿大,剧情/传记/运动,2016-02-19(美国/加拿大)/2016-05-05(德国)
318,2015年日本8.6分动画片《火影忍者剧场版：博人传》BD日语中字,动作/动画/冒险,日语,"8.5/10 from 10,907 users"
319,2015年刘畅白百何爱情片《陪安东尼度过漫长岁月》BD国语中字, 中国大陆, 剧情/爱情, 2015-11-13(中国大陆)
320,2016年爱尔兰8.2分剧情片《初恋这首情歌》BD中英双字,爱尔兰,剧情/喜剧/歌舞,2016-03-18(爱尔兰)
321,2016年洪金宝刘德华动作冒险片《我的特工爷爷》BD国粤双语中字,香港/中国大陆,剧情/动作/冒险,2016-04-01(中国大陆)
322,2016年国产刘亦菲刘烨爱情片《夜孔雀》HD高清国语中字,中国大陆,喜剧 / 爱情,2016-05-20(中国大陆) / 2015-08-31(釜山电影节)
323,2016年韩国6.1分爱情喜剧片《我的新野蛮女友》HD韩语中字,韩国/中国大陆,喜剧/爱情,2016-04-22(中国大陆)
324,2016年美国5.8分动作科幻片《分歧者3：忠诚世界》BD中英双字,美国,动作/爱情/科幻/冒险,2016-05-20(中国大陆) / 2016-03-08(曼谷首映)
325,2016年美国科幻动作片《蝙蝠侠大战超人：正义黎明》中英双字,美国,动作/科幻/奇幻/冒险,2016-03-25(中国大陆/美国)
326,2016年香港陈小春任贤齐犯罪片《树大招风》BD国粤双语中字,中国香港,犯罪/惊悚,中文字幕
327,2016年国产黄晓明徐峥历史片《大唐玄奘》HD高清国语中字,中国大陆,历史,中文
328,2015年美国俄罗斯6.9分科幻动作片《硬核亨利》BD中英双字,俄罗斯/美国,动作/科幻/冒险,2015-09-12(多伦多国际电影节) / 2016-04-08(美国)
329,2016年美国7.6分喜剧运动片《飞鹰艾迪/飞跃奇迹》BD双语双字,英国/美国/德国,剧情/喜剧/传记/运动,2016-03-18(中国大陆)/2016-02-26(美国)
330,2015年英国7.7分战争片《天空之眼》BD中英双字,英国,剧情/战争/惊悚,2015-09-11(多伦多电影节)/2016-03-11(美国)/2016-04-15(英国)
331,2016年郭伟亮林雪惊悚犯罪片《老笠》BD粤语中字,中国香港,喜剧/剧情/惊悚,郭伟亮　　　　　　林雪　　　　　　冯淬帆　　　　　　曾国祥　　　　　　姜皓文　　　　　　马志威　　　　　　卢惠光　　　　　　崔碧珈　　　　　　雷琛瑜　　　　　　周祉君
332,2016年郭富城姚晨剧情片《梦想合伙人》HD中英双字, 中国大陆, 剧情 / 爱情, 3.9 / 7998人评价
333,2016年美国6分动作犯罪片《白宫沦陷2:伦敦陷落》BD国英双语双字,英国/美国/保加利亚,动作/犯罪/惊悚,2016-04-08(中国大陆)/2016-03-04(美国/英国)
334,2015年贾樟柯导演剧情片《山河故人》BD国语中字, 中国大陆, 剧情/家庭, 2015-10-30(中国大陆) / 2015-05-20(戛纳电影节)
335,2016年美国7.5分动作战争片《危机13小时》BD中英双字,美国,剧情/动作/战争/惊悚,2016-01-15(美国)
336,2016年邓超罗志祥喜剧奇幻片《美人鱼》BD国粤双语中字, 中国大陆/香港, 喜剧/爱情/奇幻,2016-02-08(中国大陆/香港)
337,2016年陈晓秦岚剧情爱情片《睡在我上铺的兄弟》HD中英双字,中国,剧情/爱情,2016-04-01(中国大陆)
338,2016年白敬亭郭姝彤爱情片《谁的青春不迷茫》HD中英双字,中国大陆,爱情,2016-04-22(中国大陆)
339,2016年英国6.6分喜剧动作片《王牌贱谍：格林斯比》BD中英双字,英国/澳大利亚,喜剧/动作,2016-02-24(美国)
340,2016年张翰赵丽颖喜剧爱情片《女汉子真爱公式》HD中英双字, 中国大陆, 喜剧 / 爱情,2016-03-18(中国大陆)
341,2016年黎明王珞丹爱情悬疑片《消失爱人》BD国语中字, 中国大陆, 爱情/悬疑,2016-01-15(中国大陆)
342,2016年美国奇幻动作片《神战：权力之眼》BD中英双字,美国/澳大利亚,动作/奇幻/冒险,2016-03-11(中国大陆)/2016-02-26(美国)
343,2015年美国6.5分科幻片《幻体：续命游戏》BD中英双字修复版,美国,科幻/悬疑/惊悚,"分  6.5/10 from 13,598 users"
344,2015年美国6.9分悬疑恐怖片《女巫》BD中英双字,美国/英国/加拿大/巴西,悬疑/恐怖,2015-01-27(圣丹斯电影节)/2016-02-19(美国)
345,2016年美国6分恐怖动作片《傲慢与偏见与僵尸》BD中英双字,美国/英国,动作/爱情/恐怖,2016-02-05(美国)
346,2016年梁家辉佟大为悬疑犯罪片《冰河追凶》HD中英双字,中国大陆,动作/悬疑/犯罪,2016-04-15(中国大陆)
347,2016年美国6.3分喜剧爱情片《单身指南/单身啪啪啪》BD中英双字,美国,喜剧/爱情,2016-02-12(美国)
348,2015年沈腾马丽喜剧爱情片《夏洛特烦恼》BD国语中字,中国大陆,喜剧/爱情,2015-09-30(中国大陆)
349,2016年美国7.6分科幻悬疑片《科洛弗道10号》BD中英双字,美国,动作/悬疑/科幻/惊悚,2016-03-11(美国)
350,2016年国产古装武侠片《箭士柳白猿/箭客柳白猿》HD中英双字,中国大陆,剧情/武侠/古装,2016-03-11(中国大陆)/2012-11-11(金马影展)
351,2015年韩国7.2分剧情动作片《老手/辣手警探》BD韩语中字,韩国,剧情/动作,2015-08-05(韩国)
352,2016年美国6分惊悚恐怖片《灵偶契约/小男孩》BD中英双字,美国,恐怖/惊悚,2016-04-01(中国大陆)/2016-01-22(美国)
353,2015年郭富城悬疑犯罪片《踏血寻梅》BD国粤双语中字,中国香港,剧情/悬疑/犯罪,2015-04-06(香港国际电影节)/2015-12-03(香港)
354,2015年赵又延姚晨惊悚冒险片《九层妖塔》BD国语中字,中国大陆,动作/惊悚/冒险,2015-09-30(中国大陆)
355,2016年韩国7.7分剧情片《鬼乡》BD韩语中字,韩国,剧情,2015-11-26(香港)
356,2015年美国6.6分喜剧传记片《奋斗的乔伊/拖把女王》BD中英双字,美国,剧情/喜剧/传记,2015-11-26(香港)
357,2016年国产奇幻片《西游记之孙悟空三打白骨精》BD国粤双语中字,中国大陆/香港,喜剧/动作/奇幻,2016-02-08(中国大陆)
358,2015年张家辉郭采洁惊悚片《陀地驱魔人》BD国粤双语中字,香港,剧情/惊悚,2015-11-26(香港)
359,2016年杨千�镁缜榘�情片《哪一天我们会飞》HD国粤双语中字,中国香港,爱情,2016-03-10(中国大陆)/2015-11-05(香港)
360,2016年美国8.3分惊悚冒险片《荒野猎人》BD中英双字,美国,冒险/剧情/惊悚,2016-03-18(中国大陆)/2015-12-16(美国加州)/2016-01-08(美国)
361,假期经典甄子丹杨紫琼武侠《卧虎藏龙：青冥宝剑》BD国粤双语中字,中国大陆/美国,剧情/动作/武侠/古装,2016-02-19(中国大陆)/2016-02-26(美国)
362,2015年郑恺陈妍希喜剧爱情片《年少轻狂》HD国语中字, 中国大陆, 喜剧/爱情,2015-11-13(中国大陆)
363,2015年美国6.8分喜剧剧情片《与外婆同行》BD中英双字,美国,剧情/喜剧/同性/家庭,2015-09-18(美国)
364,2015年刘青云林家栋犯罪片《消失的凶手》BD国粤双语中字, 中国大陆/香港, 动作/悬疑/犯罪,2015-11-27(中国大陆)
365,2015年赵薇黄晓明喜剧动作片《横冲直撞好莱坞》BD国语中字,中国大陆/香港/美国,喜剧/动作/冒险,2015-06-26(中国大陆)/2015-08-27(香港)
366,2016年王大治喜剧战争片《我不是王毛》HD中英双字,中国大陆,  喜剧 / 战争,2016-03-11(中国大陆)
367,2015年美国动作犯罪片《极盗者/极限追捕》BD国英双语双字,美国/中国大陆,动作/犯罪/运动,2015-12-04(中国大陆)/2015-12-25(美国)
368,2015年方力申邓丽欣喜剧片《分手再说我爱你》BD国粤双语中字, 中国大陆/香港, 喜剧/爱情, 2015-12-24(中国大陆)/2015-12-31(香港)
369,2015年美国8分西部犯罪片《八恶人》BD中英双字精校版,美国,剧情/犯罪/西部,2015-12-07(洛杉矶首映)/2015-12-30(美国)
370,2016年杜江薛凯琪喜剧爱情片《高跟鞋先生》HD中英双字,中国大陆,喜剧/爱情,  2016-02-14(中国大陆)/2016-03-10(香港)
371,2016年杨颖阮经天爱情悬疑片《谋杀似水年华》HD国语中字,中国大陆/香港, 爱情/悬疑,  2016-02-14(中国大陆)/2016-03-10(香港)
372,2015年美国7.3分冒险片《史努比：花生大电影》BD国粤英3语双字,美国,喜剧/动画/冒险,2015-11-06(美国/中国大陆)
373,2015年美国7分冒险片《饥饿游戏3：嘲笑鸟(下)》BD中英双字,美国,动作/科幻/冒险,"分　7.0/10 from 95,465 use"
374,2016年甄子丹张晋剧情动作片《叶问3》BD国粤双语中字,中国香港,动作/传记/剧情,2016-03-04(中国大陆)/2015-12-24(香港)
375,2015年王宝强郭富城喜剧动作片《道士下山》BD国语中字,中国,新丽传媒股份有限公司,中英双字幕
376,2015年林依晨周渝民喜剧爱情片《杜拉拉追婚记》BD国语中字,中国大陆,喜剧/爱情, 2015-12-04(中国大陆)
377,2016年赵本山闫妮喜剧片《过年好》HD中英双字,中国大陆,喜剧,2016-02-01(中国大陆)
378,2015年美国6.4分喜剧片《泰迪熊2/贱熊2》BD中英双字,美国,喜剧,2015-06-26(美国)
379,2015年徐峥包贝尔喜剧片《人再�逋局�港��/港�濉�BD国语中字,喜剧,汉语普通话,分　5.8/10 from 350 users
380,2015年美国7.4分剧情片《裁缝/恶女订制服》BD中英双字,澳大利亚,剧情,2015-10-29(澳大利亚)
381,2016年章子怡彭于晏剧情爱情片《奔爱》HD中英双字,中国大陆,剧情/爱情,2016-02-14(中国大陆)
382,2015年美国7.9分剧情传纪片《大空头/大卖空》BD中英双字,美国,剧情/传记,2016-01-23(中国大陆)/2016-01-21(香港)
383,2016年任达华霍建华悬疑犯罪片《真相禁区》HD中英双字,中国大陆,悬疑/犯罪,2016-01-22(中国大陆)
384,2015年孙俪邓超喜剧片《恶棍天使》HD中英双字,中国大陆,喜剧,2015-12-24(中国大陆)
385,2015年美国7分动作冒险片《海洋深处/海洋之心》BD中英双字,美国,剧情/动作/冒险,2015-09-25(西班牙)
386,2015年加拿大8.3分剧情家庭片《房间/抖室》BD中英双字,爱尔兰/加拿大,剧情/家庭, 2015-09-15(多伦多国际电影节)
387,2015年美国6.9分爱情传纪片《丹麦女孩》BD中英双字,英国/德国/美国,剧情/爱情/传记,2015-12-25(美国)/2015-09-05(威尼斯电影节)
388,2016年黄渤孙红雷喜剧悬疑片《极限挑战之皇家宝藏》HD国语中字,中国大陆,喜剧/悬疑,2016-01-15(中国大陆)
389,2015年美国动作犯罪片《玩命速递：重启之战》BD国英双语双字,法国/中国大陆/比利时,动作/犯罪/惊悚,2015-09-04(美国)/2015-09-09(法国)/2015-11-20(中国大陆)
390,2016年张国立姚晨剧情家庭片《一切都好》HD中英双字,中国大陆,剧情/家庭,2016-01-01(中国大陆)
391,2015年陈坤黄渤动作冒险片《寻龙诀》BD国语中字, 中国大陆, 剧情/动作/奇幻/冒险,2015-12-18(中国大陆)
392,2015年舒淇彭于晏剧情爱情片《剩者为王》BD国语中字,中国大陆/香港,剧情/爱情,2015-11-06(中国大陆)
393,2016年美国7.4分剧情传记片《史蒂夫・乔布斯》BD中英双字,美国,剧情/传记,2015-10-23(美国)
394,2015年美国6.9分悬疑惊悚片《猩红山峰》BD中英双字重制版,美国/加拿大,剧情/悬疑/奇幻/惊悚,2015-10-16(美国)
395,2016年英国8.7悬疑犯罪片《神探夏洛克》BD中英双字重制版,英国,犯罪/剧情/悬疑,2015-10-30(美国)
396,2015年张智霖陈乔恩爱情片《十月初五的月光》BD国粤双语中字,中国大陆,剧情/爱情,2015-11-20(中国大陆)/2015-11-12(香港)
397,2015年沈腾马丽喜剧片《一念天堂》HD国语中字,中国大陆,喜剧,2015-12-31(中国大陆)
398,2016年美国6.1分动作片《最后的巫师猎人》BD中英双字重制版,美国,动作/奇幻/冒险,2016-01-15(中国大陆)/2015-10-23(美国)
399,2015年白客杨子珊喜剧冒险片《万万没想到》HD中英双字,中国大陆,喜剧/奇幻/冒险/古装,2015-12-18(中国大陆)
400,2015年萧敬腾郭采洁喜剧爱情片《一路惊喜》BD国语中字, 中国大陆, 喜剧/爱情/家庭, 2015-02-06(中国大陆)
401,2015年美国7.1分剧情犯罪片《黑色弥撒》BD中英双字,美国,剧情/传记/犯罪,2015-09-04(威尼斯电影节)/2015-09-18(美国)
402,2015年美国6.4分动作犯罪片《通灵神探/安慰》BD中英双字,美国,动作/科幻/犯罪/悬疑,2015-09-09(多伦多电影节)/2016-01-14(中国大陆)
403,2015年美国6.7分喜剧剧情片《燃情主厨/天菜大厨》BD中英双字,美国,剧情/喜剧,"分　6.7/10 from 11,645 users"
404,2015年王宝强小沈阳喜剧科幻片《不可思异》BD中英双字, 中国大陆, 剧情/喜剧/科幻, 2015-12-04(中国大陆)
405,2015年陈学东李小璐喜剧片《从天儿降》BD中英双字, 中国大陆, 喜剧, 2015-12-04(中国大陆)
406,2015年宋芸桦喜剧爱情片《我的少女时代》BD国语中字,中国台湾,喜剧/爱情,2015-11-19(中国大陆)/2015-08-15(台湾)
407,2015年张翰陈乔恩喜剧爱情片《既然青春留不住》HD中英双字,中国大陆,喜剧/爱情,2015-10-23(中国大陆)
408,2015年李易峰杨幂喜剧爱情片《怦然星动》HD中英双字, 中国大陆, 喜剧/爱情, 2015-12-03(中国大陆)
409,2015年美国6.7分悬疑片《无理之人/情迷失控点》BD中英双字,美国,悬疑,2015-05-15(戛纳电影节)/2015-07-17(美国)
410,2015年陈柏霖孙艺珍动作悬疑片《坏蛋必须死》HD中英双字, 中国大陆/香港/韩国, 喜剧/动作/悬疑/犯罪, 2015-11-27(中国大陆)/2016-01-21(韩国)
411,2015年韩国7分爱情片《内在美/爱上变身情人》BD韩语中字,韩国,爱情,分　7.0/10 from 351 users
412,2015年陈建斌蒋勤勤喜剧冒险片《一个勺子》HD中英双字,中国大陆,剧情/喜剧/冒险,2014-11-16(金马影展)/2015-11-20(中国大陆)
413,2015年任贤齐舒淇喜剧爱情片《落跑吧爱情》BD国语中字,中国台湾,喜剧/爱情,分  5.3/10 from 15 users
414,2015年刘德华吴若甫剧情犯罪片《解救吾先生》BD国语中字,中国大陆,犯罪/剧情,2015-09-30(中国大陆)/2015-09-26(丝绸之路电影节)
415,2015年章子怡金城武爱情灾难片《太平轮(下)彼岸》BD国语中字,中国大陆/香港,剧情/爱情/灾难,2015-07-30(中国大陆)
416,2015年唐国强战争片《百团大战》BD中英双字,中国,战争,2015-08-28(中国大陆)
417,2015年美国7.3分喜剧片《实习生/高年级实习生》BD中英双字,美国,喜剧,2015-09-25(美国)
418,2014年连姆尼森7分动作惊悚片《空中营救》BD中英双字修复版,英国/法国/美国,动作/悬疑/惊悚,2014-02-28(美国)
419,2015年美国8分动作犯罪片《边境杀手/毒裁者》BD中英双字,美国,剧情/动作/犯罪,2015-10-02(美国)
420,2014年美国6.6分冒险片《博物馆奇妙夜3》BD中英双字修复版, 美国, 喜剧/奇幻/冒险, 2015-01-04(中国大陆)/2014-12-19(美国)
421,2015年郑恺郭采洁喜剧爱情片《前任2：备胎反击战》HD中英双字,中国大陆/香港,喜剧/爱情,2015-11-06(中国大陆)
422,2015年美国6分冒险奇幻片《小飞侠：幻梦启航》BD国英双语双字,美国/英国/澳大利亚,冒险/家庭/奇幻,"6.0/10 from 11,354 users"
423,2015年杨幂鹿晗悬疑犯罪片《我是证人/盲证》HD中英双字,中国大陆/韩国,剧情/悬疑/犯罪,2015-10-30(中国大陆)
424,2015年美国6.2分喜剧冒险片《假期历险记》BD中英双字,美国,喜剧/冒险,2015-07-29(美国)
425,2015年美国6.7分科幻惊悚片《移动迷宫2》BD国英双语双字,美国,动作/惊悚/科幻,2015-11-04(中国大陆)/2015-09-18(美国)/2015-09-10(澳大利亚)
426,2015年法国7.8分奇幻动画片《小王子》BD国法双语中字,法国,奇幻/动画, 2015-10-16(中国大陆)/2015-07-29(法国)
427,2015年古天乐郭采洁喜剧爱情片《巴黎假期》BD国粤双语中字,中国大陆/香港,喜剧/爱情,分  5.9/10 from 16 users
428,2015年俄罗斯6.3分剧情战争片《这里的黎明静悄悄》HD俄语中字,俄罗斯,剧情/战争, 2015-08-25(中国大陆)/2015-04-30(俄罗斯)
429,2015年美国动作犯罪片《代号47》BD中英双字,美国,剧情/动作/惊悚/犯罪,2015-08-21(美国)
430,2015年全智贤李政宰动作犯罪片《暗杀》BD韩语中字,剧情/动作/历史/犯罪,韩语/日语/汉语普通话,分  7.3/10 from 381 users
431,2015年美国7分喜剧剧情片《永远的北极熊》BD中英双字,美国,剧情/喜剧,2014-01-18(圣丹斯电影节)
432,2015年美国6.2分喜剧动作片《美式极端/废柴特务》BD中英双字,美国,喜剧/动作,2015-08-21(美国)
433,2015年休・杰克曼6.9分科幻片《超能查派》BD中英双字修复版,美国/墨西哥/南非,动作/科幻/惊悚,2015-03-06(美国)/2015-05-08(中国大陆)
434,2015年范冰冰黎明爱情片《王朝的女人杨贵妃》BD国语中字, 中国大陆, 爱情/古装, 2015-07-30(中国大陆)
435,2015年杨子姗陈柏霖爱情片《重返20岁》BD国语中字修复,中国大陆/韩国/台湾/香港,喜剧 / 爱情 / 冒险,2015-01-08(中国大陆)/2015-01-23(台湾)
436,2015年舒淇张震武侠古装片《刺客聂隐娘》BD国语中字, 台湾/中国大陆/香港/法国, 剧情/武侠/古装,"分  7.1/10 from 1,220 users"
437,2015年美国7.6分动作片《碟中谍5：神秘国度》BD国英双语双字,美国/香港/中国大陆,动作/惊悚/冒险,2015-09-08(中国大陆)/2015-07-31(美国)
438,2015年意大利7.5分剧情片《年轻气盛》BD中英双字,意大利/法国/瑞士/英国,剧情,2015-05-20(意大利)
439,2014年施瓦辛格动作片《破坏者/毒火追击》BD中英双字修复,美国,剧情/动作/犯罪,2014年3月28日（美国）　　　　　　2014年4月11日（台湾）　　　　　　2014年6月12日（香港）
440,2015年美国7.6分动作片《秘密特工/绅士密令》BD中英双字,美国,动作/冒险/喜剧,2015-08-14(美国)/2015-08-13(澳大利亚)
441,2015年宋承宪刘亦菲爱情片《第三种爱情》HD中英双字,中国大陆,爱情,2015-09-25(中国大陆)
442,2014年美国6.5分喜剧片《单亲度假村》BD中英双字修复版,美国,喜剧,2014-05-23(美国)
443,2015年美国动作科幻片《神奇四侠2015》BD中英双字,美国/英国/德国,动作/科幻/冒险,2015-08-07(美国)
444,周末经典邓超王珞丹悬疑犯罪片《烈日灼心》HD国语中字,中国大陆,剧情/悬疑/犯罪,分  6.9/10 from 171 users
445,2015年张雨绮权相佑喜剧爱情片《情敌蜜月》HD中英双字,中国大陆,喜剧/爱情, 2015-09-02(中国大陆)
446,2015年陈晓倪妮喜剧爱情片《新娘大作战》HD国语中字,中国大陆/香港,喜剧/爱情,2015-08-20(中国大陆)
447,2015年杨千�霉盘炖志缜槠�《可爱的你》HD国语中字,香港/中国大陆,剧情,2015-03-20(中国大陆)/2015-03-19(香港)/2015-04-02(台湾)
448,周末经典古天乐余文乐犯罪片《谜城/暴走迷城》BD国粤双语中字, 中国大陆/香港, 动作/惊悚/犯罪, 2015-07-30(中国大陆)/2015-08-20(香港)
449,2015年陈意涵杨佑宁古装爱情片《新步步惊心》HD中英双字,中国大陆,爱情/奇幻/古装,2015-08-07(中国大陆)
450,2015年美国科幻片《像素大战/世界大对战》BD国英双语双字,美国/中国大陆/加拿大,喜剧/动作/科幻,2015-07-24(美国)/2015-09-15(中国大陆)
451,2015年美国7.4分悬疑犯罪片《福尔摩斯先生》BD中英双字,英国/美国,剧情/悬疑/犯罪,2015-02-08(柏林电影节)/2015-06-19(英国)/2015-07-17(美国)
452,2015年美国7.2分科幻冒险片《侏罗纪世界》BD国英双语双字, 美国/中国大陆, 动作/科幻/冒险, 2015-06-10(中国大陆)/2015-06-12(美国)
453,2015年吴彦祖白百何喜剧爱情片《滚蛋吧！肿瘤君》BD中英双字,中国大陆,喜剧/爱情,2015-08-13(中国大陆)
454,周末经典吴京张晋动作犯罪片《杀破狼2》BD国粤双语中字,香港/中国大陆,剧情/动作/犯罪,2015-06-18(中国大陆)
455,2015年白百合井柏然喜剧奇幻片《捉妖记》BD国粤双语中字, 中国大陆, 喜剧/奇幻/古装, 2015-07-16(中国大陆)
456,2015年彭于晏王珞丹剧情运动片《破风》BD国粤双语中字, 中国大陆/香港, 剧情/运动, 2015-08-07(中国大陆)
457,2014年韩国7.7分剧情片《国际市场》BD韩语中字,韩国,剧情,分　7.7/10 from 655 users
458,2015年刘青云汤唯剧情爱情片《三城记》BD中英双字, 中国大陆/香港, 剧情/爱情,分  6.5/10 from 37 users
459,2015年道恩强森动作片《末日崩塌/加州大地震》BD国英双语双字,美国/澳大利亚,动作/冒险/灾难,2015-05-29(美国)/2015-06-02(中国大陆)
460,2015年周润发张艾嘉喜剧爱情片《华丽上班族》HD国语中字, 香港/中国大陆, 剧情/喜剧/爱情/歌舞, 2015-09-02(中国大陆)/2015-09-24(香港)
461,2015年美国6.6分科幻冒险片《明日世界》BD国英双语双字,美国/西班牙,动作/科幻/冒险,2015-05-22(美国)/2015-05-26(中国大陆)
462,2015年何冰悬疑剧情片《十二公民/12公民》HD中英双字, 中国大陆, 剧情/悬疑, 2015-05-15(中国大陆)/2014-10-19(罗马电影节)
463,2015年韩国7.1分喜剧爱情片《二十/二十行不行》BD韩语中字,韩国,喜剧/剧情/爱情,2015-03-25(韩国)
464,2015年多明星喜剧片《煎饼侠/�潘磕惺看蟮缬啊�HD中英双字, 喜剧,英语/粤语/汉语普通话,分  6.4/10 from 225 users
465,2015年吴亦凡王丽坤爱情《有一个地方只有我们知道》BD国语中字,中国大陆,爱情,2015-02-10(中国大陆)
466,2015年汤唯廖凡喜剧爱情片《命中注定》HD中英双字, 中国大陆/香港/美国, 喜剧/爱情, 2015-07-24(中国大陆)
467,2015年王珞丹周渝民悬疑片《宅女侦探桂香》HD国粤双语中字, 中国大陆/香港/台湾, 喜剧/爱情/悬疑,2015-08-13(中国大陆)
468,2015年美国6.8分历史奇幻片《故事的故事》BD中英双字,意大利/法国/英国,历史/奇幻,2015-05-14(意大利)
469,2014年刘青云黄晓明悬疑惊悚片《暴疯语》BD国粤双语中字,中国大陆/香港,悬疑/惊悚,2015-04-03(中国大陆)/2014-11-19(台北金马影展)
470,2015年古天乐杨千�镁缜槠�《可爱的你》BD国粤双语中字,中国香港,剧情, 2015-03-20(中国大陆)/2015-03-19(香港)/2015-04-02(台湾)
471,2015年孙红雷周冬雨剧情喜剧片《少年班》HD中英双字, 中国大陆, 剧情/喜剧, 2015-06-19(中国大陆)
472,2015年美国8.4分动作片《疯狂的麦克斯4：狂暴之路》BD中英双字,澳大利亚/美国,动作/科幻/冒险,2015-05-15(美国)/2015-05-14(澳大利亚)
473,2015年梁洛施张孝全剧情爱情片《念念》BD国语中字,中国台湾,剧情/爱情/家庭,2015-04-30(中国大陆)/2015-03-23(香港电影节)/2015-04-10(台湾)
474,2015年李易峰张慧雯爱情片《栀子花开》HD中英双字,中国大陆,爱情,分　3.5/10 from 31 users
475,2015年美国6.8分喜剧音乐片《完美音调2》BD中英双字,美国,喜剧/音乐,2015-05-15(美国)
476,2014年俄罗斯7.7分剧情片《利维坦/荒谬启示录》BD俄语中字,俄罗斯,剧情,"分  7.7/10 from 21,630 users"
477,2015年杨幂陈学冬喜剧爱情《小时代4：灵魂尽头》HD中英双字,中国大陆,喜剧/爱情,2015-07-09(中国大陆)
478,2015年陈坤李冰冰奇幻片《钟馗伏魔：雪妖魔灵》BD国语中字,中国大陆/香港/美国,动作/爱情/奇幻,2015-02-19(中国大陆)
479,2015年美国6.6分科幻动作片《分歧者2:绝地反击》BD中英双字,美国,动作/爱情/科幻/冒险,2015-06-19(中国大陆)/2015-03-20(美国)
480,2014年美国8.1动作片《X战警：逆转未来》BD中英双字加长版,美国,动作/科幻/奇幻/冒险,2014-05-23(美国/中国大陆)
481,2015年李敏镐金来阮动作片《江南1970》BD韩语中字,韩国,动作/剧情,2015-05(中国大陆)/2015-01-21(韩国)
482,2015年美国8分动作片《王牌特工:特工学院》BD国英双语双字,英国/美国,喜剧/动作/犯罪/冒险,2015-01-29(英国)/2015-03-27(中国大陆)
483,2015年李东学林心如喜剧片《大喜临门》BD国语中字,台湾/中国大陆,喜剧,2015-03-06(中国大陆)/2015-02-18(台湾)
484,2015年美国6.2分动作冒险片《最后的骑士》BD中英双字,美国/韩国,剧情/动作/冒险,2015-04-03(美国)
485,2015年吴京余男动作战争片《战狼/特种兵之战狼》BD国语中字,中国,动作/战争,2015-04-02(中国大陆)
486,2014年阮经天万茜爱情历史片《军中乐园》BD国语中字,台湾/中国大陆,剧情/爱情/历史,2014-09-05(台湾)
487,2015年美国7分动作片《饥饿游戏3:嘲笑鸟(上)》BD双语双字,美国,冒险/科幻,空
488,2015年美国6.7分喜剧犯罪片《焦点/决胜焦点》BD中英双字,美国,剧情/喜剧/犯罪,2015-02-27(美国)
489,2015年梁洛施张孝全爱情剧情《念念》HD中英双字,香港/台湾,剧情/爱情/家庭,分  6.8/10 from 63 users
490,2015年吴镇宇任达华犯罪动作片《冲锋车》BD国粤双语中字,中国香港,动作/犯罪,分　6.5/10 from 61 users
491,2015年成龙动作古装片《天将雄师/天将雄狮》BD中字,中国大陆/香港,动作/战争/古装,2015-02-19(中国大陆)
492,2015年美国动画片《海绵宝宝历险记:海绵出水》BD国粤英3语双字,美国,喜剧/动画/冒险/家庭,2015-02-06(美国)
493,2015年连姆尼森动作犯罪片《暗夜逐仇/一夜狂逃》BD中英双字,美国,剧情/动作/犯罪/悬疑/惊悚,2015-03-13(美国)
494,2014年朴有天金允石爱情惊悚片《海雾/怒海沉沦》BD韩语中字,韩国,剧情/爱情/惊悚,2014-08-13(韩国)
495,2014年美国7.2分悬疑恐怖片《它在身后/神秘追随》BD中英双字,美国,悬疑/恐怖,2015-03-27(美国)
496,2014年美国6.3分悬疑科幻片《超验骇客》BD国英双语双字,英国/中国/美国,剧情/悬疑/科幻,"分  6.3/10 from 137,574 users"
497,2015年美国7.3分爱情奇幻片《时光尽头的恋人》BD中英双字,美国,剧情/爱情,2015-04-24(美国)
498,2015年韩国6.8分剧情家庭片《许三观卖血记》BD韩语中字,韩国,剧情/家庭,2015-01-14(韩国)
499,2014年梁家辉林志玲悬疑片《谁是卧底之王牌》BD国语中字,中国大陆,剧情/悬疑,2014-12-31(中国大陆)
500,2015年韩庚范冰冰喜剧爱情片《万物生长》HD中英双字修复,中国大陆,喜剧/爱情,2015-04-17(中国大陆)
501,2014年加拿大8.2分喜剧片《鸟人/飞鸟侠》BD中英双字修复, 加拿大, 剧情/喜剧, 2014-11-14(美国)
502,2015年吴君如古天乐喜剧片《12金鸭/十二金鸭》BD粤语中字,中国香港,喜剧,2015-02-19(香港)
503,2015年陈都灵欧豪爱情片《左耳》HD中英双字,中国大陆,爱情,2015-04-24(中国大陆)
504,2015年冯绍峰窦骁剧情冒险片《狼图腾》BD国语中字,中国大陆/法国,剧情/冒险,2015-02-19(中国大陆)/2015-02-25(法国)
505,2015年美国科幻巨制大片《木星上行/木升战纪》BD国英双语双字,美国/英国,动作/科幻/冒险,2015-03-06(中国大陆)/2015-01-27(圣丹斯电影节)/2015-02-06(美国)
506,2015年姜武高圆圆爱情片《咱们结婚吧电影版》HD中英双字,中国,爱情,2015-04-02(中国大陆)
507,2014年美国7.4分动作战争片《美国狙击手》BD中英特效版,美国,动作/传记/战争,2014-11-11(AFI影展)/2015-01-16(美国)
508,2015年陈小春熊黛林喜剧爱情片《将错就错》HD中英双字,中国,喜剧/爱情,2015-03-05(中国大陆)
509,2014年美国7.5分剧情片《依然爱丽丝/勿忘我》BD中英双字, 美国/法国, 剧情, 2014-09-08(多伦多电影节)/2015-02-20(美国)
510,2015年古天乐郑秀文剧情爱情片《冲上云霄》BD国粤双语中字,香港/中国大陆,剧情/爱情,2015-02-19(香港/中国大陆)
511,2015年美国奇幻冒险片《第七子:降魔之战》BD国英双语双字,英国/美国/加拿大/中国大陆,冒险/家庭/奇幻/动作,2015-01-16(中国大陆)/2014-12-17(法国)/2015-02-06(美国)
512,2015年美国喜剧动作片《贵族大盗/华丽怪盗》BD中英双字,美国/英国,喜剧/动作,2015-01-23(美国)/2015-04-17(中国大陆)
513,2014年刘承龙李贞贤动作传记片《鸣梁海战》BD中字完整版,韩国,剧情/动作/传记/战争/冒险,2014-12-12(中国大陆)/2014-07-30(韩国)
514,2014年韩国6.6分剧情犯罪片《好朋友们》HD韩语中字,韩国,剧情/犯罪,2014-07-10(韩国)
515,周末经典黄晓明周迅爱情片《撒娇女人最好命》BD国粤双语中字,中国大陆/香港,喜剧/爱情,2014-11-28(中国大陆)
516,2015年郑恺江一燕喜剧爱情《有种你爱我》HD中英双字,中国大陆,喜剧/爱情,2015年2月6日(中国大陆)
517,2014年加拿大8.3分剧情片《妈咪/亲爱妈咪》BD法语中字,加拿大,剧情,2014-10-08(法国)/2014-05-22(戛纳电影节)
518,2015年林志颖郭涛喜剧剧情片《爸爸的假期》HD中英双字,中国大陆,喜剧/家庭,2015-02-19(中国大陆)
519,周末经典真人秀大电影《爸爸去哪儿2》HD国语中字修复,中国大陆,家庭/儿童/真人秀,2015-02-19(中国大陆)
520,2014年彭于晏倪妮爱情片《匆匆那年》BD中英双字,中国,爱情,2014-12-05(中国大陆)
521,2014年爱尔兰8.4分动画奇幻片《海洋之歌》BD中英双字,爱尔兰/丹麦/比利时/卢森堡/法国/中国大陆,剧情/动画/奇幻,2014-09-06(多伦多电影节)/2014-12-10(法国)
522,2014年美国6.2分奇幻冒险片《魔法黑森林》BD中英双字,美国,音乐/奇幻/冒险,2014-12-25(美国)
523,2014年张涵予梁家辉动作冒险片《智取威虎山》BD中英双字,中国大陆/香港,动作/战争/冒险,2014-09-13(日本)
524,2014年美国7.1分剧情传记片《坚不可摧》BD中英双字, 美国, 剧情/传记/战争/运动, 2015-01-30(中国大陆)/2014-11-17(悉尼首映)/2014-12-25(美国)
525,2014年美国6.3分冒险剧情片《法老与众神》BD中英双字,英国/美国,史诗/剧情/动作/冒险,2014-12-12(美国)
526,2014年美国6.8分动画片《马达加斯加的企鹅》BD国英双语双字,美国,喜剧/动画/冒险,2014-11-14(中国大陆)/2014-11-26(美国)
527,2014年巴西8.1分剧情爱情片《爱，简单/他的样子》BD中英双字, 巴西, 剧情/爱情/同性, 2014-04-10(巴西)/2014-02-11(柏林电影节)
528,2014年彭于晏洪金宝动作片《黄飞鸿之英雄有梦》BD国粤双语中字,中国大陆/香港/英国,剧情/动作/爱情/武侠,2014-11-21(中国大陆)
529,2014年美国7.2分剧情传记片《狐狸猎手/猎狐捕手》BD中英双字,美国,剧情/传记/运动,2014-09-19(戛纳电影节)/2015-01-16(美国)
530,2014年美国6.5分喜剧犯罪片《恶老板2》BD中英双字,美国,喜剧/犯罪,"分  6.5/10 from 39,628 users"
531,2014年徐峥莫文蔚悬疑惊悚片《催眠大师》BD国语中字,中国大陆,剧情/悬疑/惊悚,2014-04-29(中国大陆)
532,2014年林更新赵又廷动作片《痞子英雄2黎明升起》BD国语中字,中国大陆/台湾/香港,剧情/动作/犯罪,2014-10-01(中国大陆)/2014-10-02(台湾)
533,2014年古天乐高圆圆喜剧爱情片《单身男女2》BD国粤双语中字, 香港/中国大陆, 爱情/喜剧, 2014-11-11(中国大陆)/2014-11-13(香港)
534,2014年陈赫杨颖喜剧爱情片《微爱之渐入佳境》BD中英双字,中国,喜剧/爱情,2014-12-24(中国大陆)
535,2014年韩国7.2分犯罪片《老千2：神之手》BD韩语中字修复版,韩国,犯罪/剧情,2014-09-03(韩国)
536,2014年英国7.8分爱情传记片《万物理论》BD中英双字,英国,剧情/爱情/传记,2014-09-07(多伦多电影节)/2014-11-07(美国)/2015-01-01(英国)
537,2014年黄晓明宋慧乔剧情爱情片《太平轮(上)》BD国语中字,中国大陆/香港,剧情/爱情,2014-12-02(中国大陆)/2014-12-25(香港)
538,周末巨献国产奇幻动画片《十万个冷笑话电影版》HD中英双字,中国大陆,喜剧/动画/奇幻,分　6.4/10 from 22 users
539,2014年美国8.7剧情音乐片《爆裂鼓手/鼓动人生》BD中英双字,美国,剧情/音乐,2014-10-10(美国)
540,2014年姜文葛优喜剧冒险片《一步之遥》BD国语,中国大陆/香港,喜剧/爱情/冒险,2014-12-18(中国大陆)
541,2014年美国7.8分动作战争片《狂怒/战逆豪情》BD国英双语双字,英国/中国/美国,动作/剧情/战争,"分　7.8/10 from 100,972 users"
542,2014年印度8.7分喜剧片《外星醉汉PK地球神》BD印地语中字,印度,喜剧/剧情/奇幻,2014-12-19(印度)
543,2014年廖凡桂纶镁悬疑犯罪片《白日焰火》BD国语无字,中国大陆,剧情/悬疑/犯罪, 2014-03-21(中国大陆)/2014-02-12(柏林电影节)
544,2014年小罗伯特剧情片《法官老爹/大法官》BD中英双字,美国,剧情,2014-09-04(多伦多电影节)/2014-10-10(美国)
545,2014年澳大利亚7.5分科幻惊悚片《前目的地》BD中英双字修复版,澳大利亚,科幻/惊悚,2015-01(中国大陆)/2014-07-02(上海电影节)/2014-08-28(澳大利亚)
546,2014年尼古拉斯凯奇动作片《白幽灵传奇之绝命逃亡》BD中英双字,中国大陆/加拿大/法国/美国/英国,动作/历史/战争/古装,2015-01-16(中国大陆)/2014-09-26(部分上映)
547,2014年8分喜剧剧情片《骄傲/骄傲大联盟》BD中英双字,英国,喜剧/剧情,2014-05-23(戛纳电影节)/2014-09-12(英国)
548,2014年郭晓冬梅婷剧情片《推拿》HD中英双字,中国大陆/法国,剧情,2014-11-28(中国大陆)/2014-02-10(柏林电影节)
549,2014年国产喜剧动画片《麦兜我和我妈妈》BD国粤双语中字,中国/中国香港,喜剧/动画/家庭,2014-10-01(中国大陆/香港)
550,2014年刘亦菲王学兵爱情片《露水红颜》HD中英双字,中国大陆,爱情,2014-11-07(中国大陆)
551,2014甄子丹王宝强动作片《一个人的武林》BD国粤双语中字,中国大陆 / 香港,动作 / 惊悚,2014-10-31(中国大陆)
552,2014年国产动画冒险片《魁拔Ⅲ战神崛起》HD国语中字,中国大陆,动作/动画/奇幻/冒险,2014-10-01(中国大陆)
553,2013年日本8.2分动画片《辉夜姬物语》BD国日粤3语中字,日本,动画/剧情/魔幻,2013-10-23(日本)
554,2014年冯绍峰汤唯爱情传记片《黄金时代》BD国语中字,中国大陆/香港,剧情/爱情/传记,2014-10-01(中国大陆/香港)/2014-09-06(威尼斯电影节)
555,2014年美国7.2分动作科幻片《移动迷宫》BD国英双语双字,美国/加拿大/英国,动作/科幻/悬疑/惊悚,2014-10-28(中国大陆)/2014-09-19(美国)
556,2014年日本动画片《名侦探柯南：异次元的狙击手》BD日语中字,日本,动画/动作/悬疑/犯罪,2014-04-19(日本)
557,2014年美国6.5分动作科幻片《超体/超能毒贩》BD中英双字,法国,动作/科幻,2014-10-24(中国大陆)/2014-07-25(美国)
558,2014年台湾喜剧爱情片《等一个人咖啡》BD国语中字,台湾/香港,喜剧/爱情,2014-10-17(中国大陆)/2014-08-15(台湾/香港)
559,2014年美国6.2分动作惊悚片《敢死队3》BD国英双语双字,美国,动作/惊悚/冒险,2014-08-20(中国大陆)/2014-08-15(美国)
560,2014年国产动画大电影片《秦时明月之龙腾万里》HD国语中字,中国大陆,汉语普通话/陕西方言,2014-08-08(中国大陆)
561,周末经典邓超刘亦菲动作片《四大名捕大结局》BD国粤双语中字,中国大陆,动作/爱情/悬疑/武侠,2014-08-22(中国大陆)
562,2014美国8分动作科幻片《猩球崛起2：黎明之战》BD国英双语双字,美国,剧情/动作/科幻,2014-08-29(中国大陆)/2014-07-11(美国)
563,2014年迪斯尼动画大电影《飞机总动员2》BD国粤英3语双字,美国,喜剧/动作/动画,2014-07-18(美国)/2014年8月14日(中国香港)
564,2014年美国6.3分动作片《宙斯之子赫拉克勒斯》BD双语双字,美国,动作/冒险,2014-10-21(中国大陆) / 2014-07-25(美国)
565,2014年日本动画片《哆啦A梦新・大雄的大魔境》BD国日双语中字, 日本, 动画/冒险/剧情, 2014-08-16(中国大陆)/2014-06-19(香港)/2014-07-04(台湾)
566,2014年美国6.2分动作惊悚片《不惧风暴》BD国英双语双字,美国,动作/惊悚/灾难,2014-09-12(中国大陆)/2014-08-08(美国)
567,2014年美国8.6分剧情片《少年时代/年少时代》BD中英双字,美国,剧情, 2014-01-19(圣丹斯电影节)/2014-07-18(美国)
568,2014年郑秀文张家辉喜剧爱情片《临时同居》BD粤语中字,中国大陆/香港,喜剧/爱情,2014-08-21(中国大陆/香港)
569,2014年范冰冰黄晓明动作片《白发魔女传之明月天国》BD双语中字,中国大陆,动作/爱情/奇幻/武侠/古装,2014-07-31(中国大陆)
570,2014年孙红雷桂纶镁爱情片《触不可及》BD国语中字,中国大陆,爱情/战争,2014-09-19(中国大陆)
571,2014年谢霆锋高圆圆爱情片《一生一世》BD国语中字,中国大陆,爱情,2014-09-05(中国大陆)/2014-09-04(香港)
572,2014年金南佶孙艺珍冒险动作片《海盗/海贼》BD韩语中字,韩国,动作/冒险,2014-08-06 (韩国)
573,2014年美国惊悚片《人类清除计划2:无政府状态》BD中英双字,美国/法国,动作/惊悚/恐怖,2014-07-18(美国)
574,2014年陈意涵薛凯琪爱情喜剧片《闺蜜》BD国粤双语中字,中国大陆,喜剧 / 爱情,2014-07-30(中国大陆)
575,2013年美国7.1分科幻悬疑片《彗星来的那一夜》BD中英双字,美国,科幻/惊悚/悬疑,"分  7.1/10 from 10,584 users"
576,2013年美国7.6分爱情剧情片《歌曲改变人生》BD中英双字,美国,剧情/爱情/音乐,"分　7.6/10 from 21,234 users"
577,2013美国7.1分科幻巨作《环太平洋》BD国英双语双字, 2013 年, 2013年7月31日 中国,英语/汉语普通话
578,2014年法国爱情传记片《摩纳哥王妃》BD中英双字,法国/美国/比利时/意大利/瑞士,剧情/爱情/传记,2014-06-20(中国大陆)/2014-05-14(法国)
579,国庆献礼《宫崎骏1984到2013年动画大片》国日双语中字典藏版,空,空,空
580,2014年张震刘诗诗动作武侠片《绣春刀》BD中英双字,中国大陆,动作/爱情/武侠/古装,中文字幕
581,2014年美国8.1分科幻动作片《明日边缘》BD国英双语双字,美国/澳大利亚,动作/科幻,"分  8.1/10 from 104,134 users"
582,2014年胡歌景甜动画冒险片《龙之谷：破晓奇兵》BD国语中字,爱情/动画/奇幻/冒险,汉语普通话,分  8.6/10 from 38 users
583,2014年杨幂郭采洁喜剧爱情片《小时代3：刺金时代》HD中英双字,中国大陆,剧情 / 喜剧 / 爱情,2014-07-17(中国大陆)
584,2014年吴镇宇林心如悬疑惊悚片《京城81号》HD国语中字,中国大陆,剧情/悬疑/惊悚,2014-07-18(中国大陆)
585,2014年美国7分科幻片《分歧者:异类觉醒》BD中英双字修复版,美国,动作/爱情/科幻/冒险,2014-03-21(美国)
586,2014年保罗沃克动作犯罪片《暴力街区》BD特效中字,法国/加拿大,剧情/犯罪/动作,2014-08-01(中国大陆)/2014-04-25(法国)
587,2014年美国7分动作冒险片《哥斯拉2014》BD国英双语双字,美国,动作/科幻/冒险,2014-06-13(中国大陆)/2014-05-16(美国)
588,2014年邓超杨幂喜剧爱情片《分手大师》BD中英双字,中国大陆,剧情/喜剧/爱情,2014-06-27(中国大陆)
589,2014年闫妮耿乐喜剧片《疯狂72小时》BD中英双字,中国,喜剧,1920 x 1080
590,2013年法国7.1分冒险片《少年斯派维的奇异旅行》BD中英双字, 法国 / 加拿大, 剧情 / 家庭 / 冒险,"分  7.1/10 from 3,548 users"
591,2014年白百合郑中基喜剧爱情片《整容日记》BD国语中字,中国大陆 / 香港,喜剧 / 爱情,x264 + AC3
592,2014年美国7.1分动作犯罪片《极品飞车》BD双语双字,美国/菲律宾/爱尔兰/英国,剧情/动作/惊悚/犯罪,2014-03-14(美国/中国大陆)
593,2014年方力申周秀娜古装奇幻片《非狐外传》HD中英双字,中国,爱情/惊悚/奇幻/古装,1CD 0.82G
594,2014年韩国7.4分喜剧奇幻片《奇怪的她》BD韩语中字,韩国,喜剧/奇幻,2014-01-22(韩国)
595,2014年古天乐杨千�梦虑榈缬啊度思洹ば⊥旁病�BD国粤双语双字,香港/中国大陆,剧情,分  6.2/10 from 161 users
596,2014年印尼8.7分动作犯罪片《突袭2：暴徒》BD中英双字,美国,动作/犯罪/惊悚,2014-01-21(圣丹斯电影节)/2014-03-28(美国)/2014-03(印尼)
597,2014年甄子丹黄圣依动作片《冰封：重生之门》BD国粤双语中字,中国大陆,喜剧 / 动作 / 奇幻,分  5.4/10 from 74 users
598,2014年吴彦祖张家辉惊悚悬疑片《魔警》BD国粤双语中字, 中国大陆 / 香港, 剧情 / 动作 / 灾难, 中文字幕
599,2014年周冬雨林更新剧情爱情片《同桌的��》BD中英双字,中国大陆,剧情/爱情,98 Mins
600,2014年美国7分历史战争片《300勇士:帝国崛起》BD中英双字,美国,剧情/动作/历史/战争,"分  7/10 from 93,897 users"
601,2014年美国8.4分剧情片《平常的心》BD中英双字,美国,剧情,"分　8.6/10 from 1,435 users"
602,2014年任达华谢霆锋动作灾难片《救火英雄》BD国粤双语中字,中国大陆/香港,剧情/动作/灾难,分  7.1/10 from 126 users
603,2014年美国7.1分动画冒险片《天才眼镜狗》BD双语中字,美国,喜剧/科幻/动画/冒险,空
604,2014年美国6.4分动作惊悚片《一触即发》BD双语双字,美国/俄罗斯,剧情/动作/惊悚,2014-01-17(美国/中国大陆)
605,2014年美国6.3分战争冒险片《盟军夺宝队》BD中英双字,美国/德国,剧情/战争/动作/冒险,2014-03-28(中国大陆)/2014-02-07(美国)
606,2013年美国7.9分科幻片《饥饿游戏2:星火燎原》BD双语双字,美国,动作/科幻/惊悚/冒险,2h:26m:14s
607,周末经典美国8.2分爱情科幻片《她/触不到的她》BD中英双字,美国,爱情/科幻,"分  8.2/10 from 113,746 users"
608,2014年文章黄圣依爱情片《我在路上最爱你》HD国语中字,中国大陆 / 韩国,剧情 / 爱情,X264 + AAC
609,2013年成龙景甜动作犯罪片《警察故事2013》BD双语中字,中国大陆 / 香港,动作 / 爱情 / 犯罪,1280 x 720
610,2014年苏有朋林依晨喜剧犯罪片《甜蜜杀机》BD国语中字,台湾,喜剧 / 爱情 / 犯罪,"分  7.6/10 from 4,973 users"
611,2014年周润发动作奇幻片《西游记之大闹天宫》BD国粤双语中字,中国大陆/香港,动作/奇幻,分　5.4/10 from 519 users
612,2012年美国9.4分犯罪剧《绝命毒师 第五季》全集[高清版],空,空,空
613,2011年美国9.2分犯罪剧《绝命毒师 第四季》全集[高清版],空,空,空
614,2013年美国7.5分喜剧冒险片《白日梦想家》BD中英双字,美国,剧情/喜剧/奇幻/冒险,2013-12-25(美国)
615,2013年美国喜剧搞笑动画片《火鸡总动员》BD双语双字,美国,动画/喜剧/冒险,2h 0mn
616,2013年美国7.8分剧情战争片《孤独的生还者》BD中英双字,美国,剧情/战争,2013-12-25(美国)
617,周末经典黄百鸣曾志伟喜剧片《六福喜事》BD双语中字,中国大陆 / 香港,喜剧 / 爱情,1280x720
618,2013年国产邓超刘亦菲动作片《四大名捕2》BD国粤双语中字,香港 / 中国大陆,动作 / 悬疑 / 奇幻 / 武侠,分  5.8/10 from 172 users
619,2013年美国6.7分动作犯罪片《赤焰战场2》BD双语双字,美国/法国/加拿大,喜剧/动作/惊悚/犯罪,2013-11-15(中国大陆)/2013-07-19(美国)
620,2010年美国8.7分犯罪剧《绝命毒师 第三季》全集[高清版],空,空,空
621,2014年美国7.4分剧情喜剧片《八月：奥色治郡》BD中英双字,美国,剧情/喜剧,2013-12-27(美国)
622,2014年小小志田雨橙喜剧片《爸爸去哪儿大电影》HD国语中字,中国大陆,家庭 / 儿童,1280x720
623,2013年国产刘德华动作犯罪片《风暴》BD国粤双语中字,中国大陆 / 香港,动作 / 犯罪,分  6.6/10 from 760 users
624,2014年国产动画片《熊出没之夺宝熊兵》BD国语中字,中国大陆,喜剧 / 动画 / 家庭 / 冒险,1280x720
625,2013年布莱恩科兰斯顿惊悚犯罪片《汽车旅馆疯劫案》BD中英双字,美国,剧情/惊悚/犯罪,2013-09-20(英国)/2014-1-10(美国)
626,2013年美国7.1分剧情传记片《曼德拉传:漫漫自由路》BD中英双字,英国/南非,剧情/传记/历史,2013-09-07(多伦多电影节)/2013-11-29(美国)
627,2008年美国9.6分犯罪剧《绝命毒师 第一季》全集[高清版],空,空,空
628,2013年日本恐怖片《贞子3D续集》BD日语中字,日本,恐怖,泷本美织　　　　　　濑户康史　　　　　　大泽逸美　　　　　　平�珊辍┞贰　　　　　〈笪魑渲尽　　　　　∈�原里美　　　　　　山本裕典　　　　　　田山凉成
629,2013年美国7.7分剧情战争片《偷书贼》BD中英双字,美国,剧情/战争,"分　7.7/10 from 18,623 users"
630,"2013年美国8分纪录片《再见,我的新郎》BD特效中英双字",美国,纪录片,"分  8.0/10 from 1,609 users"
631,2013年美国7.1分纪录片《阿姆斯特朗谎言》BD中英双字,美国,纪录片,2013-09-02(威尼斯电影节) / 2013-11-08(美国)
632,2013年美国8.1分剧情片《少年收容所》BD中英双字,美国,剧情,"分　8.1/10 from 11,376 users"
633,2009年美国8.7分犯罪剧《绝命毒师 第二季》全集[高清版],空,空,空
634,2014年国产动画片《喜羊羊与灰太狼之飞马奇遇记》BD中英双字,中国大陆,喜剧/动画/家庭/奇幻/冒险,简耀宗
635,2013年美国8.4分剧情传记片《为奴十二载》BD中英双字,美国/英国,剧情/传记/历史,2013-11-01(美国)
636,2013年8.1分戛纳最佳剧情爱情片《阿黛尔的生活》BD中英双字,法国/比利时/西班牙,剧情/爱情/同性,"分　8.1/10 from 22,093 users"
637,2013年荷兰7.4惊悚犯罪片《狼》BD中英双字,荷兰,犯罪/剧情/惊悚,分  7.4/10 from 865 users
638,2013年美国7.4分喜剧爱情片《好景当前》BD中英双字,美国,喜剧/剧情/爱情,"分　7.4/10 from 26,539 users"
639,2013年美国8.1分剧情家庭片《内布拉斯加》BD中英双字,美国,冒险/剧情,"分　8.1/10 from 10,939 users"
640,2013年日本7分剧情片《100次哭泣》HD日语中字,日本,剧情,分  7.0/10 from 8 users
641,2013年美国7分动作冒险片《安德的游戏》BD双语双字,美国,动作/科幻/冒险,2014-01-07(中国大陆)/2013-10-25(英国)/2013-10-31(香港)/2013-11-01(美国)
642,2013年倪妮井柏然喜剧爱情片《等风来》HD中英双字,中国,喜剧/爱情,X264 + AAC
643,2013年任达华动作犯罪片《冲锋战警》BD国粤双语中字,香港/中国大陆,动作/犯罪,1h 24mn
644,2013美国7分史泰龙施瓦辛格动作片《金蝉脱壳》BD双语双字,动作 / 悬疑 / 惊悚,美国,"分　7.0/10 from 40,042 users"
645,2013年美国8.1分剧情传记片《达拉斯买家俱乐部》BD中英双字,美国,传记/剧情/历史,"分　8.1/10 from 21,594 users"
646,2013年美国7.2分冒险剧情片《一切尽失》BD中英双字,美国,动作/冒险/剧情,"分　 7.2/10 from 9,831 users"
647,2013年房祖名郭采洁爱情片《意外的恋爱时光》BD中英双字,中国大陆,喜剧 / 爱情,分 6.3/10 from 140 users
648,2013年日本7.5分动画片《龙珠Z:神与神》BD国粤日3语中字,日本,动画/动作/奇幻,野泽雅子　　　　　　堀川亮　　　　　　草尾毅　　　　　　古川登志夫　　　　　　田中真弓　　　　　　山寺宏一　　　　　　森田成一
649,2013年美国8.3分科幻剧情片《地心引力》BD中英双字修复版,美国/英国,惊悚/剧情/科幻/悬疑,"分　8.3/10 from 218,271 users"
650,2013年美国7.2分喜剧剧情片《在这个世界》BD中英双字,美国,喜剧/剧情,"分 7.2/10 from 2,599 users"
651,2013年美国尚格云顿惊悚动作片《仇敌当前》BD中英双字,加拿大/美国,惊悚,分  4.9/10 from 995 users
652,2013年美国8.1分动作冒险片《菲利普船长》BD中英双字,美国,动作/冒险/传记/犯罪/剧情/惊悚,"分　8.1/10 from 72,356 users"
653,2013年美国7.7分喜剧剧情片《蓝色茉莉》BD中英双字,美国,剧情/喜剧,"分　7.6/10 from 27,677 users"
654,2013年英国9.4分BBC电视台特辑片《博士之日》BD中英双字,英国,科幻/冒险/剧情/家庭,"分  9.4/10 from 8,693 users"
655,2013年美国8.3分剧情传记片《极速风流》BD中英双字,英国/美国/德国,动作/传记/剧情,"分  8.3/10 from 59,693 users"
656,2013年美国动画冒险片《逃离地球》BD双语双字,2013-02-15(美国),美国,中英双字
657,2013国产甄子丹动作犯罪片《特殊身份》BD双语中字,中国大陆,动作 / 犯罪,1280 x 544
658,2013年美国6.8分剧情传记片《白宫管家》BD中英双字,美国,传记/剧情,2013-08-16(美国)
659,周末经典古天乐刘青云灾难剧情片《逃出生天》BD双语中字,香港/中国大陆,剧情/灾难,2013-09-30(中国大陆)
660,2013年徐克动作大片《狄仁杰之神都龙王》BD中英双字(港版),中国大陆 / 香港,动作 / 冒险,分  6.4/10 from 385 users
661,2013年美国7.1分喜剧剧情片《情圣�迳�夫》BD中英双字,美国,喜剧/剧情,"分　7.1/10 from 28,951 users"
662,2013年国产钟欣桐张智霖古装奇幻片《白狐》BD中英双字,中国大陆,动作 / 爱情 / 奇幻 / 古装,X264+ AC3
663,2013年国产余文乐杜汶泽喜剧片《飞虎出征》BD双语中字,2013,中国香港,中文
664,周末经典任贤齐范晓萱爱情片《明天记得爱上我》BD国粤双语,2013,中国台湾,中文
665,2013年美国保罗沃克惊悚片《生死倒数》BD中英双字,美国,惊悚,"分 5.7/10 from 2,430 users"
666,2013年美国6.8分科幻动作片《极乐空间》BD双语双字,美国,剧情/动作/科幻/惊悚,"分　6.8/10 from 126,849 users"
667,2013年美国迪斯尼动画冒险片《飞机总动员》BD双语双字,美国,动画/冒险/喜剧/家庭,2013-08-09(美国)
668,2013年美国喜剧动画片《蓝精灵2》BD国粤英3语双字,美国,动画/喜剧/家庭/奇幻,"分　5.0/10 from 8,6642 users"
669,2013年美国7.0分动作奇幻片《金刚狼2》BD双语双字加长版,美国/澳大利亚,动作/冒险/奇幻/科幻,"分　7.0/10 from 94,812 users"
670,2013美国7.5科幻动作片《超人:钢铁之躯》BD双语双字典藏版,美国/加拿大/英国,动作/冒险/奇幻/科幻,"分　7.5/10 from 276,099 users"
671,2013年蔡卓妍杜汶泽喜剧片《超级经纪人》BD国粤双语中字,中国香港/中国大陆,剧情/喜剧,分　3.9/10 from 15 users
672,2013年国产王力宏章子怡喜剧爱情片《非常幸运》BD中字,中国大陆,喜剧 / 爱情,分   6.6/10 from 21 users
673,周末经典青春回忆片《致我们终将逝去的青春》BD国粤双语中字,国,情/爱情,分 Ratings:6.5/10 from 182 users
674,2013年白百合张孝全爱情片《被偷走的那五年》BD中字,中国大陆,爱情,X264+ AC3
675,2013美国7.3分动作犯罪科幻大片《冥界警局》BD中英双字,空,空,空
676,2013年美国7.9分动作大片《惊天危机》BD中英双字,美国,剧情 / 动作 / 惊悚,"数  6.4/10 from 15,453 users"
677,2013年美国7.2分动作冒险片《独行侠》BD中英双字,美国,动作/冒险/西部,2013-10-05(中国大陆) / 2013-07-03(美国)
678,2013年周杰伦最新大片《天台爱情》BD1080P中字,国大陆/香港/台湾,情/动作/歌舞/喜剧,分 Ratings: 7.8/10
679,2013年美国科幻大片《遗落战境》BD国英双语中英双字典藏版,2013 年,2013年5月10日 中国,国
680,2013郭敬明剧情爱情大片《小时代2青木时代》BD国语,中国大陆 / 台湾,剧情 / 喜剧 / 爱情,数  2.2/10 from 174 users
681,2013年李连杰文章动作片《不二神探》BD高清国粤双语中字,中国,动作/喜剧/犯罪,蓝光高清
682,2013科幻《星际迷航暗黑无界》蓝光倾情压制国英双语中英双字,美国,动作/冒险/科幻/惊悚,中英双字
683,2013刘德华林志玲动作冒险大片《天机富春山居图》BD高清国语,中国,动作 / 冒险,分 Ratings: 1.3/10 from 482 users
684,2013美国高评分剧情片《密西西比河上的玛德》BD中英双字,国,剧情,修bull;麦康纳 Matthew McConaughey ....Mud 泰尔bull;谢里丹 TyeSheridan ....Ellis 瑞茜bull;威瑟斯彭 Reese Witherspoon ....Juni
685,2013美国6.9分迈克尔贝动作大片《健男抢钱团》BD中英双字,美国,犯罪/喜剧,"分  6.9/10   18,943 votes"
686,2013韩国7.5分间谍动作感人大片《隐秘而伟大》BD中字, 韩国,  动作/喜剧/剧情, ��哲秀Cheol-soo Jang
687,美国7.4分莱昂纳多爱情大片《了不起的盖茨比》BD精校中英双字, 2013 年, 2013年8月30日 中国, /美国
688,2013杨幂郭敬明剧情爱情片《小时代》BD720P,国大陆 / 台湾,情 / 喜剧 / 爱情,x264 + AC3
